idRestricaoEletrica;AttVetor;01/2020;02/2020;03/2020;04/2020;05/2020;06/2020;07/2020;08/2020;09/2020;10/2020;11/2020;12/2020;01/2021;02/2021;03/2021;04/2021;05/2021;06/2021;07/2021;08/2021;09/2021;10/2021;11/2021;12/2021;01/2022;02/2022;03/2022;04/2022;05/2022;06/2022;07/2022;08/2022;09/2022;10/2022;11/2022;12/2022;01/2023;02/2023;03/2023;04/2023;05/2023;06/2023;07/2023;08/2023;09/2023;10/2023;11/2023;12/2023;01/2024;02/2024;03/2024;04/2024;05/2024;06/2024;07/2024;08/2024;09/2024;10/2024;11/2024;12/2024;
1;potencia_minima_media;0;0;0;0;0;0;0;0;0;0;0;0;0;0;0;0;0;0;0;0;0;0;0;0;0;0;0;0;0;0;0;0;0;0;0;0;0;0;0;0;0;0;0;0;0;0;0;0;0;0;0;0;0;0;0;0;0;0;0;0;
1;potencia_maxima_media;7400;7400.000000007401;7400.000000007400;7400;7399.999999992600;7400;7399.000000007399;7398.999999992601;7399;7399;7399;7399;7399;7399;7199;7199;7198.999999992801;7401;7401.000000007401;7401;7401;7401;7400.999999992599;7401;7401;7401;7401;7401;7401;7401;7401;7401;7401;7401;7401;7401;7401;7401;7401;7401;7401;7401;7401;7401;7401;7401;7401;7401;7401;7401;7401;7401;7401;7401;7401;7401;7401;7401;7401;7401;
2;potencia_minima_media;0;0;0;0;0;0;0;0;0;0;0;0;0;0;0;0;0;0;0;0;0;0;0;0;0;0;0;0;0;0;0;0;0;0;0;0;0;0;0;0;0;0;0;0;0;0;0;0;0;0;0;0;0;0;0;0;0;0;0;0;
2;potencia_maxima_media;5020.750000000071;6500.000000006501;5810.600000005797;5782.842592592631;6499.999999993500;6500;6500.000000006499;6499.999999993501;6500;6500;6500;6500;6500;6500;6500;6500;6499.999999993501;7000;7500.000000007500;7500;7500;7500;7499.999999992500;7500;7500;7500;7500;7500;8300;7000;7500;7500;7500;7500;7500;7500;7500;7500;7500;7500;8300;7000;7500;7500;7500;7500;7500;7500;7500;7500;7500;7500;8300;7000;7500;7500;7500;7500;7500;7500;
3;potencia_minima_media;0;0;0;0;0;0;0;0;0;0;0;0;0;0;0;0;0;0;0;0;0;0;0;0;0;0;0;0;0;0;0;0;0;0;0;0;0;0;0;0;0;0;0;0;0;0;0;0;0;0;0;0;0;0;0;0;0;0;0;0;
3;potencia_maxima_media;3811.250000000035;3736.000000003736;3422.240000003312;1898.148148147700;1763.888888887000;1756.666666666500;1776.785714287500;4099.999999995900;4100;3500.000000000000;3500;3744.569444444439;4100;3436.413043478400;3450;3303.571428571200;3261.693548383800;3900;4100.000000004100;4100;4100;4100;4699.999999995301;4100;3447.580645161300;3450;3255.555555555700;3377.586206896500;3365.300000000000;3900;4100;4100;4100;4100;4700;4100;3456.450000000000;3451.800000000000;3261.280000000000;3375;3365.300000000000;3900;4100;4100;4100;4100;4700;4100;3456.450000000000;3453.450000000000;3246.790000000000;3391.680000000000;3360.080000000000;3900;4100;4100;4100;4100;4700;4100;
4;potencia_minima_media;0;0;0;0;0;0;0;0;0;0;0;0;0;0;0;0;0;0;0;0;0;0;0;0;0;0;0;0;0;0;0;0;0;0;0;0;0;0;0;0;0;0;0;0;0;0;0;0;0;0;0;0;0;0;0;0;0;0;0;0;
4;potencia_maxima_media;6000;6000.000000006001;6000.000000006000;6000;5999.999999994001;6000;6000.000000006000;5999.999999993999;6000;6000;6000;6000;6000;6000;6000;6000;5999.999999993999;7500;7500.000000007500;7500;8000;8000;9799.999999990199;8000;9000;9000;11000;11000;11500;7500;7500;7500;8000;8000;9800;8000;9000;9000;11000;11000;11500;7500;7500;7500;8000;11000;12800;11000;12000;12000;14000;14000;14500;10500;10500;10500;11000;11000;12800;11000;
5;potencia_minima_media;0;0;0;0;0;0;0;0;0;0;0;0;0;0;0;0;0;0;0;0;0;0;0;0;0;0;0;0;0;0;0;0;0;0;0;0;0;0;0;0;0;0;0;0;0;0;0;0;0;0;0;0;0;0;0;0;0;0;0;0;
5;potencia_maxima_media;99999;99999.000000100001;99999.000000100001;99999;99998.999999899999;99999;99999.000000100001;99998.999999899999;99999;99999;99999;99999;99999;99999;99999;99999;99998.999999899999;99999;99999.000000100001;99999;99999;99999;99998.999999899999;99999;99999;99999;99999;99999;99999;99999;99999;99999;99999;99999;99999;99999;99999;99999;99999;99999;99999;99999;99999;99999;99999;99999;99999;99999;99999;99999;99999;99999;99999;99999;99999;99999;99999;99999;99999;99999;
6;potencia_minima_media;0;0;0;0;0;0;0;0;0;0;0;0;0;0;0;0;0;0;0;0;0;0;0;0;0;0;0;0;0;0;0;0;0;0;0;0;0;0;0;0;0;0;0;0;0;0;0;0;0;0;0;0;0;0;0;0;0;0;0;0;
6;potencia_maxima_media;5853.571428571500;5843.965517247300;5848.000000005900;5844.444444444300;5858.333333327400;5853.999999999900;5866.071428577299;5860.080645155400;5848.076923077000;5848.275862068900;5845.833333333299;5845.833333333299;5845.833333333299;5836.413043478400;5850;5851.785714285599;5860.080645155400;5862.500000000100;5862.068965523100;5860.500000000000;5850;6000;5999.999999994000;6000;5847.580645161301;5850;5855.555555555700;6200;6200;5863.740000000000;5860.080000000000;5870.580000000000;5855.010000000000;6000;6000;6000;5856.450000000000;5851.800000000000;5861.280000000000;6200;6200;5863.740000000000;5860.080000000000;5870.580000000000;5850;6000;6000;6000;5856.450000000000;5853.450000000000;5846.790000000001;6200;6200;5858.309999999999;5870.580000000000;5865.300000000000;5855.010000000000;6000;6000;6000;
7;potencia_minima_media;0;0;0;0;0;0;0;0;0;0;0;0;0;0;0;0;0;0;0;0;0;0;0;0;0;0;0;0;0;0;0;0;0;0;0;0;0;0;0;0;0;0;0;0;0;0;0;0;0;0;0;0;0;0;0;0;0;0;0;0;
7;potencia_maxima_media;6853.571428571500;6947.988505754100;6649.333333340001;6844.444444444300;6711.111111104300;6705.333333333199;6721.428571435299;6806.720430100700;6825.961538461601;6826.149425287300;6819.444444444400;6845.833333333299;6845.833333333299;6945.471014492799;7500;7500;7699.999999992300;99999;99999.000000100001;99999;99999;99999;99998.999999899999;99999;99999;99999;99999;99999;99999;99999;99999;99999;99999;99999;99999;99999;99999;99999;99999;99999;99999;99999;99999;99999;99999;99999;99999;99999;99999;99999;99999;99999;99999;99999;99999;99999;99999;99999;99999;99999;
8;potencia_minima_media;0;0;0;0;0;0;0;0;0;0;0;0;0;0;0;0;0;0;0;0;0;0;0;0;0;0;0;0;0;0;0;0;0;0;0;0;0;0;0;0;0;0;0;0;0;0;0;0;0;0;0;0;0;0;0;0;0;0;0;0;
8;potencia_maxima_media;3800;3800.000000003800;3700.000000003700;3800;3941.666666662800;3946.000000000100;3933.928571432500;3939.919354834800;3951.923076923000;3951.724137931100;3800;3800;3800;3800;3800;3800;3939.919354834800;3837.499999999900;3937.931034486700;3939.500000000000;3800;99999;99998.999999899999;99999;99999;99999;99999;99999;99999;3836.260000000000;3939.920000000000;3929.420000000000;3800;99999;99999;99999;99999;99999;99999;99999;99999;3836.260000000000;3939.920000000000;3929.420000000000;3800;99999;99999;99999;99999;99999;99999;99999;99999;3841.690000000000;3929.420000000000;3934.700000000000;3800;99999;99999;99999;
9;potencia_minima_media;0;0;0;0;0;0;0;0;0;0;0;0;0;0;0;0;0;0;0;0;0;0;0;0;0;0;0;0;0;0;0;0;0;0;0;0;0;0;0;0;0;0;0;0;0;0;0;0;0;0;0;0;0;0;0;0;0;0;0;0;
9;potencia_maxima_media;5992.416666666741;6431.824712650193;6254.520000006429;6882.904320987614;6982.805555548490;7204.839999999896;7264.160714292942;5523.622311822368;5120.660256410374;5260.106321838995;5529.486111111045;5515.194444444390;inf;inf;inf;inf;inf;inf;inf;inf;inf;inf;inf;inf;inf;inf;inf;inf;inf;inf;inf;inf;inf;inf;inf;inf;inf;inf;inf;inf;inf;inf;inf;inf;inf;inf;inf;inf;inf;inf;inf;inf;inf;inf;inf;inf;inf;inf;inf;inf;
10;potencia_minima_media;0;0;0;0;0;0;0;0;0;0;0;0;0;0;0;0;0;0;0;0;0;0;0;0;0;0;0;0;0;0;0;0;0;0;0;0;0;0;0;0;0;0;0;0;0;0;0;0;0;0;0;0;0;0;0;0;0;0;0;0;
10;potencia_maxima_media;5247.726190476185;5206.678160924774;5293.826666671982;5286.876543209787;5246.333333328070;inf;inf;inf;inf;inf;inf;inf;inf;inf;inf;inf;inf;inf;inf;inf;inf;inf;inf;inf;inf;inf;inf;inf;inf;inf;inf;inf;inf;inf;inf;inf;inf;inf;inf;inf;inf;inf;inf;inf;inf;inf;inf;inf;inf;inf;inf;inf;inf;inf;inf;inf;inf;inf;inf;inf;
11;potencia_minima_media;118;118.000000000118;129.000000000129;139;139.999999999860;140;140.000000000140;139.999999999860;139;134;126;121;115;118;121;124;125.999999999874;126;126.000000000126;121;118;115;114.999999999885;118;0;0;0;0;0;126;126;121;118;115;115;118;0;0;0;0;0;126;126;121;118;115;115;118.000000000000;0;0;0;0;0;126.000000000000;126;121;118;115;115;118;
11;potencia_maxima_media;inf;inf;inf;inf;inf;inf;inf;inf;inf;inf;inf;inf;inf;inf;inf;inf;inf;inf;inf;inf;inf;inf;inf;inf;inf;inf;inf;inf;inf;inf;inf;inf;inf;inf;inf;inf;inf;inf;inf;inf;inf;inf;inf;inf;inf;inf;inf;inf;inf;inf;inf;inf;inf;inf;inf;inf;inf;inf;inf;inf;
12;potencia_minima_media;115;115.000000000115;115.000000000115;120;119.999999999880;120;120.000000000120;119.999999999880;120;120;115;115;90;90;115;115;114.999999999885;115;115.000000000115;115;90;90;89.999999999910;90;0;0;0;0;0;115;115;115;90;90;90;90;0;0;0;0;0;115;115;115;90;90;90;90;0;0;0;0;0;115;115;115;90;90;90;90;
12;potencia_maxima_media;inf;inf;inf;inf;inf;inf;inf;inf;inf;inf;inf;inf;inf;inf;inf;inf;inf;inf;inf;inf;inf;inf;inf;inf;inf;inf;inf;inf;inf;inf;inf;inf;inf;inf;inf;inf;inf;inf;inf;inf;inf;inf;inf;inf;inf;inf;inf;inf;inf;inf;inf;inf;inf;inf;inf;inf;inf;inf;inf;inf;
13;potencia_minima_media;563;563.000000000563;563.000000000563;0;0;0;0;0;0;0;0;0;0;0;0;0;0;0;0;0;0;0;0;0;0;0;0;0;0;0;0;0;0;0;0;0;0;0;0;0;0;0;0;0;0;0;0;0;0;0;0;0;0;0;0;0;0;0;0;0;
13;potencia_maxima_media;inf;inf;inf;inf;inf;inf;inf;inf;inf;inf;inf;inf;inf;inf;inf;inf;inf;inf;inf;inf;inf;inf;inf;inf;inf;inf;inf;inf;inf;inf;inf;inf;inf;inf;inf;inf;inf;inf;inf;inf;inf;inf;inf;inf;inf;inf;inf;inf;inf;inf;inf;inf;inf;inf;inf;inf;inf;inf;inf;inf;
14;potencia_minima_media;50;45.000000000045;45.000000000045;50;53.999999999946;57;57.000000000057;56.999999999943;57;55;55;55;48;48;48;48;47.999999999952;48;50.000000000050;50;50;50;49.999999999950;50;50;50;50;50;50;48;50;50;50;50;50;50;50;50;50;50;50;48;50;50;50;50;50;50.000000000000;50;50;50.000000000000;50;50;48;50;50;50;50;50;50;
14;potencia_maxima_media;212;212.000000000212;212.000000000212;212;211.999999999788;212;212.000000000212;211.999999999788;212;212;212;212;212;212;212;212;211.999999999788;212;212.000000000212;212;212;212;211.999999999788;212;212;212;212;212;212;212;212;212;212;212;212;212;212;212;212;212;212;212;212;212;212;212;212;212.000000000000;212;212;212.000000000000;212;212;212;212;212;212;212;212;212;
15;potencia_minima_media;102;50.000000000050;50.000000000050;50;49.999999999950;50;50.000000000050;49.999999999950;50;50;50;50;50;50;42;42;41.999999999958;42;42.000000000042;42;42;42;41.999999999958;42;42;42;42;42;42;42;42;42;42;42;42;42;42;42;42;42;42;42;42;42;42;42;42;42;42;42;42;42;42;42;42;42;42;42;42;42;
15;potencia_maxima_media;inf;inf;inf;inf;inf;inf;inf;inf;inf;inf;inf;inf;inf;inf;inf;inf;inf;inf;inf;inf;inf;inf;inf;inf;inf;inf;inf;inf;inf;inf;inf;inf;inf;inf;inf;inf;inf;inf;inf;inf;inf;inf;inf;inf;inf;inf;inf;inf;inf;inf;inf;inf;inf;inf;inf;inf;inf;inf;inf;inf;
16;potencia_minima_media;21;21.000000000021;21.000000000021;21;20.999999999979;21;21.000000000021;20.999999999979;21;21;21;21;21;21;16;16;15.999999999984;16;16.000000000016;16;16;16;15.999999999984;16;16;16;16;16;16;16;16;16;16;16;16;16;16;16;16;16;16;16;16;16;16;16;16;16;16;16;16;16;16;16;16;16;16;16;16;16;
16;potencia_maxima_media;inf;inf;inf;inf;inf;inf;inf;inf;inf;inf;inf;inf;inf;inf;inf;inf;inf;inf;inf;inf;inf;inf;inf;inf;inf;inf;inf;inf;inf;inf;inf;inf;inf;inf;inf;inf;inf;inf;inf;inf;inf;inf;inf;inf;inf;inf;inf;inf;inf;inf;inf;inf;inf;inf;inf;inf;inf;inf;inf;inf;
17;potencia_minima_media;14;14.000000000014;14.000000000014;14;13.999999999986;14;14.000000000014;13.999999999986;14;14;14;14;14;14;14;14;13.999999999986;14;14.000000000014;14;14;14;13.999999999986;14;14;14;14;14;14;14;14;14;14;14;14;14;14;14;14.000000000000;14;14;14;14;14;14;14;14;14;14;14;14;14;14;14;14;14;14;14;14;14;
17;potencia_maxima_media;inf;inf;inf;inf;inf;inf;inf;inf;inf;inf;inf;inf;inf;inf;inf;inf;inf;inf;inf;inf;inf;inf;inf;inf;inf;inf;inf;inf;inf;inf;inf;inf;inf;inf;inf;inf;inf;inf;inf;inf;inf;inf;inf;inf;inf;inf;inf;inf;inf;inf;inf;inf;inf;inf;inf;inf;inf;inf;inf;inf;
18;potencia_minima_media;14;14.000000000014;14.000000000014;14;13.999999999986;14;14.000000000014;13.999999999986;14;14;14;14;14;14;14;14;13.999999999986;14;14.000000000014;14;14;14;13.999999999986;14;14;14;14;14;14;14;14;14;14;14;14;14;14;14;14.000000000000;14;14;14;14;14;14;14;14;14;14;14;14;14;14;14;14;14;14;14;14;14;
18;potencia_maxima_media;inf;inf;inf;inf;inf;inf;inf;inf;inf;inf;inf;inf;inf;inf;inf;inf;inf;inf;inf;inf;inf;inf;inf;inf;inf;inf;inf;inf;inf;inf;inf;inf;inf;inf;inf;inf;inf;inf;inf;inf;inf;inf;inf;inf;inf;inf;inf;inf;inf;inf;inf;inf;inf;inf;inf;inf;inf;inf;inf;inf;
19;potencia_minima_media;16;16.000000000016;16.000000000016;16;15.999999999984;16;16.000000000016;15.999999999984;16;16;16;16;16;16;16;16;15.999999999984;16;16.000000000016;16;16;16;15.999999999984;16;16;16;16;16;16;16;16;16;16;16;16;16;16;16;16;16;16;16;16;16;16;16;16;16;16;16;16;16;16;16;16;16;16;16;16;16;
19;potencia_maxima_media;inf;inf;inf;inf;inf;inf;inf;inf;inf;inf;inf;inf;inf;inf;inf;inf;inf;inf;inf;inf;inf;inf;inf;inf;inf;inf;inf;inf;inf;inf;inf;inf;inf;inf;inf;inf;inf;inf;inf;inf;inf;inf;inf;inf;inf;inf;inf;inf;inf;inf;inf;inf;inf;inf;inf;inf;inf;inf;inf;inf;
20;potencia_minima_media;154;156.000000000156;166.000000000166;166;161.999999999838;162;80.000000000080;79.999999999920;80;80;80;80;80;80;80;80;79.999999999920;80;80.000000000080;80;80;80;79.999999999920;80;80;80;80;80;80;80;80;80;80;80;80;80;80;80;80;80;80;80;80;80;80;80;80;80;80;80;80;80;80;80;80;80;80;80;80;80;
20;potencia_maxima_media;inf;inf;inf;inf;inf;inf;inf;inf;inf;inf;inf;inf;inf;inf;inf;inf;inf;inf;inf;inf;inf;inf;inf;inf;inf;inf;inf;inf;inf;inf;inf;inf;inf;inf;inf;inf;inf;inf;inf;inf;inf;inf;inf;inf;inf;inf;inf;inf;inf;inf;inf;inf;inf;inf;inf;inf;inf;inf;inf;inf;
21;potencia_minima_media;120;120.000000000120;120.000000000120;120;119.999999999880;120;80.000000000080;79.999999999920;80;80;80;80;80;80;80;80;79.999999999920;80;80.000000000080;80;80;80;79.999999999920;80;80;80;80;80;80;80;80;80;80;80;80;80;80;80;80;80;80;80;80;80;80;80;80;80;80;80;80;80;80;80;80;80;80;80;80;80;
21;potencia_maxima_media;inf;inf;inf;inf;inf;inf;inf;inf;inf;inf;inf;inf;inf;inf;inf;inf;inf;inf;inf;inf;inf;inf;inf;inf;inf;inf;inf;inf;inf;inf;inf;inf;inf;inf;inf;inf;inf;inf;inf;inf;inf;inf;inf;inf;inf;inf;inf;inf;inf;inf;inf;inf;inf;inf;inf;inf;inf;inf;inf;inf;
22;potencia_minima_media;80;80.000000000080;80.000000000080;80;79.999999999920;80;80.000000000080;79.999999999920;80;80;80;80;80;80;80;80;79.999999999920;80;80.000000000080;80;80;80;79.999999999920;80;80;80;80;80;80;80;80;80;80;80;80;80;80;80;80;80;80;80;80;80;80;80;80;80;80;80;80;80;80;80;80;80;80;80;80;80;
22;potencia_maxima_media;inf;inf;inf;inf;inf;inf;inf;inf;inf;inf;inf;inf;inf;inf;inf;inf;inf;inf;inf;inf;inf;inf;inf;inf;inf;inf;inf;inf;inf;inf;inf;inf;inf;inf;inf;inf;inf;inf;inf;inf;inf;inf;inf;inf;inf;inf;inf;inf;inf;inf;inf;inf;inf;inf;inf;inf;inf;inf;inf;inf;
23;potencia_minima_media;80;80.000000000080;80.000000000080;80;79.999999999920;80;80.000000000080;79.999999999920;80;80;80;80;80;80;80;80;79.999999999920;80;80.000000000080;80;80;80;79.999999999920;80;80;80;80;80;80;80;80;80;80;80;80;80;80;80;80;80;80;80;80;80;80;80;80;80;80;80;80;80;80;80;80;80;80;80;80;80;
23;potencia_maxima_media;inf;inf;inf;inf;inf;inf;inf;inf;inf;inf;inf;inf;inf;inf;inf;inf;inf;inf;inf;inf;inf;inf;inf;inf;inf;inf;inf;inf;inf;inf;inf;inf;inf;inf;inf;inf;inf;inf;inf;inf;inf;inf;inf;inf;inf;inf;inf;inf;inf;inf;inf;inf;inf;inf;inf;inf;inf;inf;inf;inf;
24;potencia_minima_media;8;8.000000000008;8.000000000008;8;7.999999999992;8;8.000000000008;7.999999999992;8;8;8;8;8;8;8;8;7.999999999992;8;8.000000000008;8;8;0;7.999999999992;8;8;8;8;8;8;8;8;8;8;0;8;8;8;8;8;8;8;8;8;8;8;0;8;8;8;8;8;8;8;8;8;8;8;0;8;8;
24;potencia_maxima_media;inf;inf;inf;inf;inf;inf;inf;inf;inf;inf;inf;inf;inf;inf;inf;inf;inf;inf;inf;inf;inf;inf;inf;inf;inf;inf;inf;inf;inf;inf;inf;inf;inf;inf;inf;inf;inf;inf;inf;inf;inf;inf;inf;inf;inf;inf;inf;inf;inf;inf;inf;inf;inf;inf;inf;inf;inf;inf;inf;inf;
25;potencia_minima_media;165;165.000000000165;0;0;0;0;0;0;0;0;0;0;0;0;0;0;0;0;0;0;0;0;0;0;0;0;0;0;0;0;0;0;0;0;0;0;0;0;0;0;0;0;0;0;0;0;0;0;0;0;0;0;0;0;0;0;0;0;0;0;
25;potencia_maxima_media;inf;inf;inf;inf;inf;inf;inf;inf;inf;inf;inf;inf;inf;inf;inf;inf;inf;inf;inf;inf;inf;inf;inf;inf;inf;inf;inf;inf;inf;inf;inf;inf;inf;inf;inf;inf;inf;inf;inf;inf;inf;inf;inf;inf;inf;inf;inf;inf;inf;inf;inf;inf;inf;inf;inf;inf;inf;inf;inf;inf;
26;potencia_minima_media;33;33.000000000033;33.000000000033;0;0;0;0;0;0;0;0;0;0;0;0;0;0;0;0;0;0;0;0;0;0;0;0;0;0;0;0;0;0;0;0;0;0;0;0;0;0;0;0;0;0;0;0;0;0;0;0;0;0;0;0;0;0;0;0;0;
26;potencia_maxima_media;34;34.000000000034;700.000000000700;inf;inf;inf;inf;inf;inf;inf;inf;inf;inf;inf;inf;inf;inf;inf;inf;inf;inf;inf;inf;inf;inf;inf;inf;inf;inf;inf;inf;inf;inf;inf;inf;inf;inf;inf;inf;inf;inf;inf;inf;inf;inf;inf;inf;inf;inf;inf;inf;inf;inf;inf;inf;inf;inf;inf;inf;inf;
27;potencia_minima_media;35;35.000000000035;35.000000000035;35;34.999999999965;35;35.000000000035;34.999999999965;30;35;35;35;35;35;35;35;34.999999999965;30;35.000000000035;30;30;0;25.999999999974;26;26;26;26;26;26;30;35;30;30;0;26;26;26;26;26;26;26;30;35;30;30;0;26;26;26;26;26;26;26;30;35;30;30;0;26;26;
27;potencia_maxima_media;inf;inf;inf;inf;inf;inf;inf;inf;inf;inf;inf;inf;inf;inf;inf;inf;inf;inf;inf;inf;inf;inf;inf;inf;inf;inf;inf;inf;inf;inf;inf;inf;inf;inf;inf;inf;inf;inf;inf;inf;inf;inf;inf;inf;inf;inf;inf;inf;inf;inf;inf;inf;inf;inf;inf;inf;inf;inf;inf;inf;
28;potencia_minima_media;100;100.000000000100;100.000000000100;100;99.999999999900;100;100.000000000100;99.999999999900;100;100;100;100;100;100;100;100;99.999999999900;100;100.000000000100;100;100;100;99.999999999900;100;100;100;100;100;100;100;100;100;100;100;100;100;100;100;100;100;100;100;100;100;100;100;100;100.000000000000;100;100;100.000000000000;100;100;100;100;100;100;100;100;100;
28;potencia_maxima_media;inf;inf;inf;inf;inf;inf;inf;inf;inf;inf;inf;inf;inf;inf;inf;inf;inf;inf;inf;inf;inf;inf;inf;inf;inf;inf;inf;inf;inf;inf;inf;inf;inf;inf;inf;inf;inf;inf;inf;inf;inf;inf;inf;inf;inf;inf;inf;inf;inf;inf;inf;inf;inf;inf;inf;inf;inf;inf;inf;inf;
29;potencia_minima_media;5;0;5.000000000005;10.100000000000;10.099999999990;5;5.000000000005;0;0;0;0;10.100000000000;5;0;0;10.100000000000;0;0;0;0;0;0;0;10.100000000000;10.100000000000;5;10.100000000000;5;0;0;0;0;0;0;0;10.100000000000;10.100000000000;5;10.100000000000;5;0;0;0;0;0;0;0;10.100000000000;10.100000000000;5;10.100000000000;5;0;0;0;0;0;0;0;10.100000000000;
29;potencia_maxima_media;inf;inf;inf;inf;inf;inf;inf;inf;inf;inf;inf;inf;inf;inf;inf;inf;inf;inf;inf;inf;inf;inf;inf;inf;inf;inf;inf;inf;inf;inf;inf;inf;inf;inf;inf;inf;inf;inf;inf;inf;inf;inf;inf;inf;inf;inf;inf;inf;inf;inf;inf;inf;inf;inf;inf;inf;inf;inf;inf;inf;
30;potencia_minima_media;45;45.000000000045;45.000000000045;45;44.999999999955;45;45.000000000045;44.999999999955;45;35;20;45;30;45;45;45;44.999999999955;45;45.000000000045;45;45;45;44.999999999955;45;45;45;45;45;45;45;45;45;45;45;45;45;45;45;45;45;45;45;45;45;45;45;45;45;45;45;45;45;45;45;45;45;45;45;45;45;
30;potencia_maxima_media;inf;inf;inf;inf;inf;inf;inf;inf;inf;inf;inf;inf;inf;inf;inf;inf;inf;inf;inf;inf;inf;inf;inf;inf;inf;inf;inf;inf;inf;inf;inf;inf;inf;inf;inf;inf;inf;inf;inf;inf;inf;inf;inf;inf;inf;inf;inf;inf;inf;inf;inf;inf;inf;inf;inf;inf;inf;inf;inf;inf;
31;potencia_minima_media;54;54.000000000054;54.000000000054;50;49.999999999950;50;50.000000000050;49.999999999950;50;50;50;50;50;50;50;50;49.999999999950;50;50.000000000050;0;0;0;0;0;0;0;0;0;0;50;50;0;0;0;0;0;0;0;0;0;0;50;50;0;0;0;0;0;0;0;0;0;0;50;50;0;0;0;0;0;
31;potencia_maxima_media;inf;inf;inf;inf;inf;inf;inf;inf;inf;inf;inf;inf;inf;inf;inf;inf;inf;inf;inf;inf;inf;inf;inf;inf;inf;inf;inf;inf;inf;inf;inf;inf;inf;inf;inf;inf;inf;inf;inf;inf;inf;inf;inf;inf;inf;inf;inf;inf;inf;inf;inf;inf;inf;inf;inf;inf;inf;inf;inf;inf;
32;potencia_minima_media;40;40.000000000040;40.000000000040;40;39.999999999960;40;40.000000000040;39.999999999960;40;40;40;40;40;40;40;40;39.999999999960;40;40.000000000040;40;40;40;39.999999999960;40;40;40;40;40;40;40;40;40;40;40;40;40;40;40;40;40;40;40;40;40;40;40;40;40;40;40;40;40;40;40;40;40;40;40;40;40;
32;potencia_maxima_media;inf;inf;inf;inf;inf;inf;inf;inf;inf;inf;inf;inf;inf;inf;inf;inf;inf;inf;inf;inf;inf;inf;inf;inf;inf;inf;inf;inf;inf;inf;inf;inf;inf;inf;inf;inf;inf;inf;inf;inf;inf;inf;inf;inf;inf;inf;inf;inf;inf;inf;inf;inf;inf;inf;inf;inf;inf;inf;inf;inf;
33;potencia_minima_media;18;18.000000000018;18.000000000018;18;17.999999999982;18;18.000000000018;17.999999999982;18;18;18;18;18;18;18;18;17.999999999982;18;18.000000000018;18;18;18;17.999999999982;18;18;18;18;18;18;18;18;18;18;18;18;18;18;18;18;18;18;18;18;18;18;18;18;18;18;18;18;18;18;18;18;18;18;18;18;18;
33;potencia_maxima_media;inf;inf;inf;inf;inf;inf;inf;inf;inf;inf;inf;inf;inf;inf;inf;inf;inf;inf;inf;inf;inf;inf;inf;inf;inf;inf;inf;inf;inf;inf;inf;inf;inf;inf;inf;inf;inf;inf;inf;inf;inf;inf;inf;inf;inf;inf;inf;inf;inf;inf;inf;inf;inf;inf;inf;inf;inf;inf;inf;inf;
34;potencia_minima_media;75;75.000000000075;75.000000000075;75;74.999999999925;75;75.000000000075;74.999999999925;75;75;75;75;75;75;75;75;74.999999999925;75;75.000000000075;75;75;75;74.999999999925;75;75.000000000000;75;75;75;75;75;75;75;75;75;75;75;75;75;75;75;75;75;75;75;75;75;75;75;75;75;75;75;75;75;75;75;75;75;75;75;
34;potencia_maxima_media;inf;inf;inf;inf;inf;inf;inf;inf;inf;inf;inf;inf;inf;inf;inf;inf;inf;inf;inf;inf;inf;inf;inf;inf;inf;inf;inf;inf;inf;inf;inf;inf;inf;inf;inf;inf;inf;inf;inf;inf;inf;inf;inf;inf;inf;inf;inf;inf;inf;inf;inf;inf;inf;inf;inf;inf;inf;inf;inf;inf;
35;potencia_minima_media;32;32.000000000032;32.000000000032;32;31.999999999968;32;32.000000000032;31.999999999968;32;32;32;32;32;32;32;32;31.999999999968;32;32.000000000032;32;32;32;31.999999999968;32;32;32;32;32;32;32;32;32;32;32;32;32;32;32;32;32;32;32;32;32;32;32;32;32;32;32;32;32;32;32;32;32;32;32;32;32;
35;potencia_maxima_media;inf;inf;inf;inf;inf;inf;inf;inf;inf;inf;inf;inf;inf;inf;inf;inf;inf;inf;inf;inf;inf;inf;inf;inf;inf;inf;inf;99999;62.500000000000;inf;inf;inf;inf;inf;inf;inf;inf;inf;inf;99999;62.500000000000;inf;inf;inf;inf;inf;inf;inf;inf;inf;inf;99999;62.500000000000;inf;inf;inf;inf;inf;inf;inf;
36;potencia_minima_media;1210;1220.000000001220;1327.000000001327;1315;1411.999999998588;1470;1480.000000001480;1464.999999998535;1337;1253;1190;1190;1195;1220;1275;1375;1423.999999998576;1480;1480.000000001480;1480;1465;1358;1224.999999998775;1190;1230;1240;1240;1240;1400;1480;1480;1480;1465;1358;1225;1190;1230;1240;1240;1240;1400;1480;1480;1480;1465;1358;1225;1190;1230;1240;1240;1240;1400;1480;1480;1480;1465;1358;1225;1190;
36;potencia_maxima_media;inf;inf;inf;inf;inf;inf;inf;inf;inf;inf;inf;inf;inf;inf;inf;inf;inf;inf;inf;inf;inf;inf;inf;inf;inf;inf;inf;inf;inf;inf;inf;inf;inf;inf;inf;inf;inf;inf;inf;inf;inf;inf;inf;inf;inf;inf;inf;inf;inf;inf;inf;inf;inf;inf;inf;inf;inf;inf;inf;inf;
37;potencia_minima_media;40;40.000000000040;40.000000000040;40;39.999999999960;40;40.000000000040;39.999999999960;40;40;5;15;40;40;40;40;39.999999999960;40;40.000000000040;40;40;40;39.999999999960;40;40;40;40;40;40;40;40;40;40;40;40;40;40;40;40;40;40;40;40;40;40;40;40;40;40;40;40;40;40;40;40;40;40;40;40;40;
37;potencia_maxima_media;inf;inf;inf;inf;inf;inf;inf;inf;inf;inf;inf;inf;inf;inf;inf;inf;inf;inf;inf;inf;inf;inf;inf;inf;inf;inf;inf;inf;inf;inf;inf;inf;inf;inf;inf;inf;inf;inf;inf;inf;inf;inf;inf;inf;inf;inf;inf;inf;inf;inf;inf;inf;inf;inf;inf;inf;inf;inf;inf;inf;
38;potencia_minima_media;20;5.000000000005;10.000000000010;5;0;5;20.000000000020;19.999999999980;32;25;5;5;20;32;25;20;4.999999999995;5;20.000000000020;15;25;32;24.999999999975;20;15;15;15;15;25;5;20;15;25;32;25;20;15;15;15;15;25;5;20;15;25;32;25;20;15;15;15;15;25;5;20;15;25;32;25;20;
38;potencia_maxima_media;inf;inf;inf;inf;inf;inf;inf;inf;inf;inf;inf;inf;inf;inf;inf;inf;inf;inf;inf;inf;inf;inf;inf;inf;inf;inf;inf;inf;inf;inf;inf;inf;inf;inf;inf;inf;inf;inf;inf;inf;inf;inf;inf;inf;inf;inf;inf;inf;inf;inf;inf;inf;inf;inf;inf;inf;inf;inf;inf;inf;
39;potencia_minima_media;80;80.000000000080;80.000000000080;80;79.999999999920;80;80.000000000080;79.999999999920;80;80;80;80;80;80;80;80;79.999999999920;80;80.000000000080;80;80;75;74.999999999925;75;75.000000000000;80;80;80;80;80;80;80;80;75;75;75;75;80;80;80;80;80;80;80;80;75;75;75;75;80;80;80;80;80;80;80;80;75;75;75;
39;potencia_maxima_media;inf;inf;inf;inf;inf;inf;inf;inf;inf;inf;inf;inf;inf;inf;inf;inf;inf;inf;inf;inf;inf;inf;inf;inf;inf;inf;inf;inf;inf;inf;inf;inf;inf;inf;inf;inf;inf;inf;inf;inf;inf;inf;inf;inf;inf;inf;inf;inf;inf;inf;inf;inf;inf;inf;inf;inf;inf;inf;inf;inf;
40;potencia_minima_media;182;182.000000000182;182.000000000182;0;0;0;0;0;0;0;0;0;0;0;0;0;0;0;0;0;0;0;0;0;0;0;0;0;0;0;0;0;0;0;0;0;0;0;0;0;0;0;0;0;0;0;0;0;0;0;0;0;0;0;0;0;0;0;0;0;
40;potencia_maxima_media;inf;inf;inf;inf;inf;inf;inf;inf;inf;inf;inf;inf;inf;inf;inf;inf;inf;inf;inf;inf;inf;inf;inf;inf;inf;inf;inf;inf;inf;inf;inf;inf;inf;inf;inf;inf;inf;inf;inf;inf;inf;inf;inf;inf;inf;inf;inf;inf;inf;inf;inf;inf;inf;inf;inf;inf;inf;inf;inf;inf;
41;potencia_minima_media;21;21.000000000021;21.000000000021;21;20.999999999979;21;21.000000000021;20.999999999979;21;21;21;21;21;21;15;21;20.999999999979;21;21.000000000021;21;21;21;20.999999999979;21;21;21;0;0;0;21;21;21;21;21;21;21;21;21;0;0;0;21;21;21;21;21;21;21;21;21;0;0;0;21;21;21;21;21;21;21;
41;potencia_maxima_media;inf;inf;inf;inf;inf;inf;inf;inf;inf;inf;inf;inf;inf;inf;inf;inf;inf;inf;inf;inf;inf;inf;inf;inf;inf;inf;0;0;0;inf;inf;inf;inf;inf;inf;inf;inf;inf;0;0;0;inf;inf;inf;inf;inf;inf;inf;inf;inf;0;0;0;inf;inf;inf;inf;inf;inf;inf;
42;potencia_minima_media;0;0;0;0;0;0;0;0;0;0;0;0;0;0;0;0;0;0;0;0;0;0;0;0;0;0;0;0;0;0;0;0;0;0;0;0;0;0;0;0;0;0;0;0;0;0;0;0;0;0;0;0;0;0;0;0;0;0;0;0;
42;potencia_maxima_media;2000;2000.000000002000;2000.000000002000;2000;1999.999999998000;2000;2000.000000002000;1999.999999998000;2000;2500;2500;2500;2500;2218.206521739200;2225;2151.785714285600;2130.846774191400;3500;3500.000000003500;3500;4500;4500;4799.999999995200;4500;3495.161290322600;3500;3511.111111111400;3486.206896551800;6300;3500;3500;3500;4500;4500;4800;4500;3512.900000000000;3503.600000000000;3522.560000000000;3480.020000000000;6300;3500;3500;3500;4500;4500;4800;4500;3512.900000000000;3506.900000000001;3493.580000000000;3520.040000000000;6300;3500;3500;3500;4500;4500;4800;4500;
43;potencia_minima_media;0;0;0;0;0;0;0;0;0;0;0;0;0;0;0;0;0;0;0;0;0;0;0;0;0;0;0;0;0;0;0;0;0;0;0;0;0;0;0;0;0;0;0;0;0;0;0;0;0;0;0;0;0;0;0;0;0;0;0;0;
43;potencia_maxima_media;5500;5500.000000005501;5500.000000005501;5500;5499.999999994499;5500;5500.000000005501;5499.999999994500;5500;5500;5500;5500;5500;5500;5500;5500;5499.999999994500;5500;5500.000000005500;5500;5500;5500;5499.999999994500;5500;5500;5500;5500;5500;5500;5500;5500;5500;5500;5500;5500;5500;5500;5500;5500;5500;5500;5500;5500;5500;5500;5500;5500;5500;5500;5500;5500;5500;5500;5500;5500;5500;5500;5500;5500;5500;
44;potencia_minima_media;0;0;0;0;0;0;0;0;0;0;0;0;0;0;0;0;0;0;0;0;0;0;0;0;0;0;0;0;0;0;0;0;0;0;0;0;0;0;0;0;0;0;0;0;0;0;0;0;0;0;0;0;0;0;0;0;0;0;0;0;
44;potencia_maxima_media;4500;4500.000000004500;4500.000000004500;4500;4499.999999995500;4500;4500.000000004500;4499.999999995500;4500;4500;4500;4500;4500;4500;4500;4500;4499.999999995500;4500;4500.000000004500;4500;4500;4500;4999.999999995001;4500;5000;5000;6000;6000;6000;4500;4500;4500;4500;4500;5000;4500;5000;5000;6000;6000;6000;4500;4500;4500;4500;4500;5000;4500;5000;5000;6000;6000;6000;4500;4500;4500;4500;4500;5000;4500;
45;potencia_minima_media;0;0;0;0;0;0;0;0;0;0;0;0;0;0;0;0;0;0;0;0;0;0;0;0;0;0;0;0;0;0;0;0;0;0;0;0;0;0;0;0;0;0;0;0;0;0;0;0;0;0;0;0;0;0;0;0;0;0;0;0;
45;potencia_maxima_media;4000;4000.000000004000;4000.000000004000;4000;3999.999999996000;4000;4000.000000004000;3999.999999996000;4000;4000;4000;4000;4000;4000;4000;4000;3999.999999996000;4000.000000000000;4000.000000004000;4000;4000;4000;3999.999999996000;4000;4000;4000;4000;4000;4000;4000;4000.000000000000;4000;4000;4000;4000;4000;4000;4000;4000;4000;4000;4000;4000.000000000000;4000;4000;4000;4000;4000;4000;4000;4000;4000;4000.000000000000;4000;4000;4000;4000;4000.000000000000;4000;4000;
46;potencia_minima_media;0;0;0;0;0;0;0;0;0;0;0;0;0;0;0;0;0;0;0;0;0;0;0;0;0;0;0;0;0;0;0;0;0;0;0;0;0;0;0;0;0;0;0;0;0;0;0;0;0;0;0;0;0;0;0;0;0;0;0;0;
46;potencia_maxima_media;4000;4000.000000004000;4000.000000004000;4000;3999.999999996000;4000;4000.000000004000;3999.999999996000;4000;4000;4000;4000;4000;4000;4000;4000;3999.999999996000;4000.000000000000;4000.000000004000;4000;4000;4000;3999.999999996000;4000;4000;99999;99999;99999;99999;4000;4000.000000000000;4000;4000;4000;4000;4000;4000;99999;99999;99999;99999;4000;4000.000000000000;4000;4000;4000;4000;4000;4000;99999;99999;99999;99999;4000;4000;4000;4000;4000.000000000000;4000;4000;
47;potencia_minima_media;0;0;0;0;0;0;0;0;0;0;0;0;0;0;0;0;0;0;0;0;0;0;0;0;0;0;0;0;0;0;0;0;0;0;0;0;0;0;0;0;0;0;0;0;0;0;0;0;0;0;0;0;0;0;0;0;0;0;0;0;
47;potencia_maxima_media;1300;1300.000000001300;1300.000000001300;1252.469135802400;1305.555555554200;1000;1000.000000001000;1299.999999998700;1300;2000;2000;2000;2000;2000;2000;2000;1999.999999998000;3300;3300.000000003300;3300;3300;3300;3299.999999996700;3300;3300;3300;3300;3300;4700;3300;3300;3300;3300;3300;3300;3300;3300;3300;3300;3300;4700;3300;3300;3300;3300;3300;3300;3300;3300;3300;3300;3300;4700;3300;3300;3300;3300;3300;3300;3300;
48;potencia_minima_media;0;0;0;0;0;0;0;0;0;0;0;0;0;0;0;0;0;0;0;0;0;0;0;0;0;0;0;0;0;0;0;0;0;0;0;0;0;0;0;0;0;0;0;0;0;0;0;0;0;0;0;0;0;0;0;0;0;0;0;0;
48;potencia_maxima_media;6646.428571428500;6656.034482765201;6652.000000006599;6148.148148148101;6699.999999993301;6800;6800.000000006799;6698.387096767500;6718.269230769200;6718.103448275901;6654.166666666699;6654.166666666699;6654.166666666699;6663.586956521600;6650;6648.214285714400;6698.387096767500;6696.153846153800;6696.551724144700;6698;6716.666666666600;6655.000000000100;6658.499999993401;6646.428571428500;6652.419354838700;7350;6644.444444444300;7389.080459769900;7596.840000000000;6695;6698.389999999999;6688.700000000001;6712.490000000000;6653.240000000000;6650;6643.549999999999;6643.549999999999;7339.800000000000;6638.719999999999;7406.610000000001;7596.840000000000;6695;6698.389999999999;6688.700000000001;6716.660000000000;6648.379999999999;6650;6653.210000000000;6643.549999999999;7330.450000000000;6653.210000000000;7293.220000000000;7624.210000000000;6700.010000000000;6688.700000000001;6693.559999999999;6712.490000000000;6638.719999999999;6650;6648.380000000000;
49;potencia_minima_media;0;0;0;0;0;0;0;0;0;0;0;0;0;0;0;0;0;0;0;0;0;0;0;0;0;0;0;0;0;0;0;0;0;0;0;0;0;0;0;0;0;0;0;0;0;0;0;0;0;0;0;0;0;0;0;0;0;0;0;0;
49;potencia_maxima_media;10841.666666666501;10864.080459780802;10854.666666677400;8800;10733.333333322600;11000;11000.000000011001;10729.032258053800;10782.051282051201;10781.609195402401;10611.111111111200;10611.111111111200;10611.111111111200;10881.702898550400;10100;10747.023809524000;10733.198924720500;10329.166666666501;10329.885057481601;10286;10300;10231.944444444500;10606.666666656001;10500;10500;10500;10500;10500;10404.700000000001;10327.099999999999;10333.200000000001;10272.559999999999;10293.320000000000;10234.400000000000;10611.100000000000;10500;10500;10500;10500;10500;10404.700000000001;10327.099999999999;10333.200000000001;10272.559999999999;10300;10241.150000000001;10611.100000000000;10500;10500;10500;10500;10500;10409.920000000000;10336.150000000000;10315.700000000001;10279.600000000000;10293.320000000000;10254.549999999999;10611.100000000000;10500;
50;potencia_minima_media;0;0;0;0;0;0;0;0;0;0;0;0;0;0;0;0;0;0;0;0;0;0;0;0;0;0;0;0;0;0;0;0;0;0;0;0;0;0;0;0;0;0;0;0;0;0;0;0;0;0;0;0;0;0;0;0;0;0;0;0;
50;potencia_maxima_media;9139.285714285499;7547.413793110900;7608.000000007200;6192.592592592400;5922.222222216100;5910.666666666400;5942.857142863100;8786.962365582500;9240.384615385001;10796.551724137800;10791.666666666599;10900;8266.666666666999;6156.521739129999;6400;5461.309523808800;8142.741935475800;9909.294871794500;11591.954023000200;11596.500000000000;11550;11016.388888888900;11076.666666655801;9439.285714285499;7439.516129032101;7438.888888889200;8198.765432097900;8735.057471264299;9894.980000000000;9902.939999999999;11597.720000000001;11567.299999999999;11534.970000000001;11008.640000000001;11055.580000000000;9430.650000000000;7403.709999999999;7429.120000000001;8168.860000000000;8763.270000000000;9894.980000000000;9902.939999999999;11597.720000000001;11567.299999999999;11550;10987.309999999999;11055.580000000000;9459.630000000001;7403.709999999999;7420.090000000000;8244.530000000001;8580.940000000001;9921.650000000001;9930.639999999999;11567.299999999999;11582.580000000000;11534.970000000001;10944.950000000001;11055.580000000000;9445.139999999999;
51;potencia_minima_media;0;0;0;0;0;0;0;0;0;0;0;0;0;0;0;0;0;0;0;0;0;0;0;0;0;0;0;0;0;0;0;0;0;0;0;0;0;0;0;0;0;0;0;0;0;0;0;0;0;0;0;0;0;0;0;0;0;0;0;0;
51;potencia_maxima_media;9161.666666666501;9184.080459779121;9174.666666675719;7120;9053.333333324281;9320;9320.000000009321;9049.032258055480;9102.051282051201;9101.609195402401;8931.111111111200;8931.111111111200;8931.111111111200;9201.702898550400;8420;9067.023809523998;9053.198924722179;8649.166666666501;8649.885057479920;8286;8300;8231.944444444500;8606.666666658000;6500;6500;6500;6500;6500;6500;8647.100000000000;8653.200000000001;8272.559999999999;8293.320000000000;8234.400000000001;8611.100000000000;6500;6500;6500;6500;6500;6500;8647.100000000000;8653.200000000001;8272.559999999999;8300;8241.150000000000;8611.100000000000;6500;6500;6500;6500;6500;6500;8656.150000000001;8635.700000000001;8279.600000000000;8293.320000000000;8254.549999999999;8611.100000000000;6500;
52;potencia_minima_media;0;0;0;0;0;0;0;0;0;0;0;0;0;0;0;0;0;0;0;0;0;0;0;0;0;0;0;0;0;0;0;0;0;0;0;0;0;0;0;0;0;0;0;0;0;0;0;0;0;0;0;0;0;0;0;0;0;0;0;0;
52;potencia_maxima_media;3270;3270.000000003270;3270.000000003270;2500;2499.999999997500;2500;2500.000000002500;2499.999999997500;2500;2500;2500;2500;2500;2500;2500;2500;2499.999999997500;2500;2500.000000002500;2500;2500;2500;2499.999999997500;2500;2500;2500;2500;2500;2500;2500;2500;2500;2500;2500;2500;2500;2500;2500;2500;2500;2500;2500;2500;2500;2500;2500;2500;2500;2500;2500;2500;2500;2500;2500;2500;2500;2500;2500;2500;2500;
53;potencia_minima_media;0;0;0;0;0;0;0;0;0;0;0;0;0;0;0;0;0;0;0;0;0;0;0;0;0;0;0;0;0;0;0;0;0;0;0;0;0;0;0;0;0;0;0;0;0;0;0;0;0;0;0;0;0;0;0;0;0;0;0;0;
53;potencia_maxima_media;6000;6000.000000006001;6493.333333340001;8000;7999.999999992000;8000;8000.000000008000;5533.602150532000;5493.589743590001;6000;6000;6000;6000;8000;8000;8000;7999.999999992000;6173.076923077000;5344.827586212000;5000;5000;5000;7999.999999992001;5000;8000;8000;8000;8000;8000;6175;5338.700000000000;5000;5000;5000;8000;5000;8000;8000;8000;8000;8000;6175;5338.700000000000;5000;5000;5000;8000;5000;8000;8000;8000;8000;7999.999999999999;6166.650000000000;5371;5000;5000;5000;8000;5000;
54;potencia_minima_media;5794.619047619115;0;0;0;0;0;0;0;0;0;0;0;0;0;0;0;0;0;0;0;0;0;0;0;0;0;0;0;0;0;0;0;0;0;0;0;0;0;0;0;0;0;0;0;0;0;0;0;0;0;0;0;0;0;0;0;0;0;0;0;
54;potencia_maxima_media;12714.619047619115;inf;inf;inf;inf;inf;inf;inf;inf;inf;inf;inf;inf;inf;inf;inf;inf;inf;inf;inf;inf;inf;inf;inf;inf;inf;inf;inf;inf;inf;inf;inf;inf;inf;inf;inf;inf;inf;inf;inf;inf;inf;inf;inf;inf;inf;inf;inf;inf;inf;inf;inf;inf;inf;inf;inf;inf;inf;inf;inf;
55;potencia_minima_media;0;0;0;0;0;0;0;0;0;0;0;0;0;0;0;0;0;0;0;0;0;0;0;0;0;0;0;0;0;0;0;0;0;0;0;0;0;0;0;0;0;0;0;0;0;0;0;0;0;0;0;0;0;0;0;0;0;0;0;0;
55;potencia_maxima_media;0;0;0;0;0;0;0;0;0;0;0;0;0;0;0;inf;inf;inf;inf;inf;inf;inf;inf;inf;inf;inf;inf;inf;inf;inf;inf;inf;inf;inf;inf;inf;inf;inf;inf;inf;inf;inf;inf;inf;inf;inf;inf;inf;inf;inf;inf;inf;inf;inf;inf;inf;inf;inf;inf;inf;
56;potencia_minima_media;0;0;0;0;0;0;0;0;0;0;0;0;0;0;0;0;0;0;0;0;0;0;0;0;0;0;0;0;0;0;0;0;0;0;0;0;0;0;0;0;0;0;0;0;0;0;0;0;0;0;0;0;0;0;0;0;0;0;0;0;
56;potencia_maxima_media;inf;inf;inf;inf;inf;inf;inf;inf;inf;inf;inf;inf;inf;inf;inf;inf;inf;inf;inf;inf;inf;inf;inf;inf;inf;inf;inf;inf;inf;inf;inf;inf;inf;inf;inf;inf;inf;inf;inf;inf;inf;inf;inf;inf;inf;inf;inf;inf;inf;inf;inf;inf;inf;inf;inf;inf;inf;inf;inf;inf;
57;potencia_minima_media;0;78.000000000078;78.000000000078;0;0;0;0;0;0;0;0;0;0;0;0;0;0;0;0;0;0;0;0;0;0;0;0;0;0;0;0;0;0;0;0;0;0;0;0;0;0;0;0;0;0;0;0;0;0;0;0;0;0;0;0;0;0;0;0;0;
57;potencia_maxima_media;inf;inf;inf;inf;inf;inf;inf;inf;inf;inf;inf;inf;inf;inf;inf;inf;inf;inf;inf;inf;inf;inf;inf;inf;inf;inf;inf;inf;inf;inf;inf;inf;inf;inf;inf;inf;inf;inf;inf;inf;inf;inf;inf;inf;inf;inf;inf;inf;inf;inf;inf;inf;inf;inf;inf;inf;inf;inf;inf;inf;
58;potencia_minima_media;0;3914.514367820280;3758.520000003838;3656.067901234357;3516.944444440835;3533.939999999875;3567.803571432137;3549.393817200713;3585.564102564206;3749.991379310246;3902.833333333270;3953.402777777713;4186.986111111039;4282.391304348106;3810.769230769219;3616.339285714132;3508.990591394303;3623.368589743727;3622.747126440389;2394.125000000000;2501.500000000000;2527.958333333329;2615.184999997326;2627.321428571365;2531.685483870974;2771.999999999986;2759.259259259500;2518.913793103441;2332.972000000000;3625.157800000000;3619.879100000000;2412.152000000000;2501.449900000000;2528.384800000000;2620.714400000000;2627.610700000000;2533.448100000000;2775.346600000000;2768.800000000000;2518.350400000000;2332.972000000000;3625.157800000000;3619.879100000000;2412.152000000000;2501.500000000000;2529.559300000000;2620.714400000000;2617.305700000000;2533.448100000000;2778.417700000000;2744.650000000000;2521.986400000000;2326.499200000000;3617.329200000000;3635.017600000000;2402.711000000000;2501.449900000000;2531.892100000000;2620.714400000000;2622.440600000000;
58;potencia_maxima_media;inf;5514.514367821881;6798.946666673371;4756.067901234357;4616.944444439735;4633.939999999875;4667.803571433237;6999.999999993001;7000;7000.000000000001;7000;7000;7000;7000;7000;7000;6999.999999993001;7000;7000.000000006999;7000;7000;7000;6999.999999993001;7000;7000;7000;7000;7000;7000;7000;7000;7000;7000;7000;7000;7000;7000;7000;7000;7000;7000;7000;7000;7000;7000;7000;7000;7000;7000;7000;7000;7000;7000;7000;7000;7000;7000;7000;7000;7000;
59;potencia_minima_media;0;1680.000000001680;1680.000000001680;1680;1679.999999998320;1680;1680.000000001680;1679.999999998320;1680;1680;1680;1680;1680;1680;1680;1680;1679.999999998320;1680;1680.000000001680;2000;2000;2000;1999.999999998000;2000;2000;2000;2000;2000;2000;1680;1680;2000;2000;2000;2000;2000;2000;2000;2000;2000;2000;1680;1680;2000;2000;2000;2000;2000;2000;2000;2000;2000;2000.000000000000;1680;1680;2000;2000;2000.000000000000;2000;2000;
59;potencia_maxima_media;inf;7000.000000006999;6841.333333340100;7000;6999.999999993001;7000;7000.000000006999;6999.999999993001;7000;7000.000000000001;7000;7000;7000;7000;7000;7000;6999.999999993001;7000;7000.000000006999;7000;7000;7000;6999.999999993001;7000;7000;7000;7000;7000;7000;7000;7000;7000;7000;7000;7000;7000;7000;7000;7000;7000;7000;7000;7000;7000;7000;7000;7000;7000;7000;7000;7000;7000;7000;7000;7000;7000;7000;7000;7000;7000;
60;potencia_minima_media;0;0;0;0;0;0;0;0;0;0;0;0;0;0;0;0;0;0;0;0;0;0;0;0;0;0;0;0;0;0;0;0;0;0;0;0;0;0;0;0;0;0;0;0;0;0;0;0;0;0;0;0;0;0;0;0;0;0;0;0;
60;potencia_maxima_media;inf;14000.000000013999;14000.000000013999;inf;inf;inf;inf;inf;inf;inf;inf;inf;inf;inf;inf;inf;inf;inf;inf;inf;inf;inf;inf;inf;inf;inf;inf;inf;inf;inf;inf;inf;inf;inf;inf;inf;inf;inf;inf;inf;inf;inf;inf;inf;inf;inf;inf;inf;inf;inf;inf;inf;inf;inf;inf;inf;inf;inf;inf;inf;
61;potencia_minima_media;0;0;0;0;0;0;0;0;0;0;0;0;0;0;0;0;0;0;0;0;0;0;0;0;0;0;0;0;0;0;0;0;0;0;0;0;0;0;0;0;0;0;0;0;0;0;0;0;0;0;0;0;0;0;0;0;0;0;0;0;
61;potencia_maxima_media;inf;inf;inf;inf;inf;5208.146666666646;5268.071428576689;5426.803763435424;5429.798076923114;5455.738505747100;5402.541666666649;5467.708333333319;5319.499999999984;5321.297101449325;5315.038461538459;5299.779761904712;5343.590053758087;5358.413461538499;5399.977011499640;5496.210000000001;5427.944444444448;5410.444444444410;5396.838333327871;5326.107142857155;5240.427419354844;5231.722222222223;5345.901234567968;5332.316091954037;5321.157600000000;5359.009800000000;5399.219800000000;5501.062800000000;5430.354900000000;5411.188000000000;5405.608800000000;5326.726100000000;5243.016900000000;5232.332200000000;5348.490100000001;5330.787800000000;5321.157600000000;5359.009800000000;5399.219800000000;5501.062800000000;5427.944800000000;5413.240000000000;5405.608800000000;5324.224700000001;5243.016900000000;5232.891400000000;5341.937400000001;5340.670800000000;5318.582500000000;5356.408100000000;5403.214800000000;5498.523600000000;5430.354900000000;5417.317999999999;5405.608800000000;5325.474600000000;
62;potencia_minima_media;0;0;0;0;0;0;0;0;0;0;0;0;0;0;0;0;0;0;0;0;0;0;0;0;0;0;0;0;0;0;0;0;0;0;0;0;0;0;0;0;0;0;0;0;0;0;0;0;0;0;0;0;0;0;0;0;0;0;0;0;
62;potencia_maxima_media;inf;inf;inf;inf;inf;inf;inf;inf;5797.435897436000;5497.701149425200;5694.513888888843;6163.305555555552;6488.888888888800;4863.677536232000;4875;4802.380952380799;4764.717741930700;6869.230769230800;7410.919540237300;7337.250000000000;7200;7379.027777777650;7999.999999992001;7250;6245.967741935500;6250;6059.259259259500;6038.505747126499;7223;6870;7413.240000000000;7349.010000000000;7200;7379.560000000000;8000;7250;6260.750000000000;6253;6068.800000000000;6033.350000000000;7223;6870;7413.240000000000;7349.010000000000;7200;7381.045000000000;8000;7250;6260.750000000000;6255.750000000000;6044.650000000001;6066.700000000001;7205.600000000000;6866.660000000000;7400.990000000000;7342.850000000000;7200;7384.004999999999;8000;7250;
63;potencia_minima_media;0;0;0;0;0;0;0;0;0;32;32;32;32;32;32;32;31.999999999968;30;32.000000000032;30;25;0;31.999999999968;32;32;32;32;32;32;30;32;30;25;0;32;32;32;32;32;32;32;30;32;30;25;0;32;32;32;32;32;32;32;30;32;30;25;0;32;32;
63;potencia_maxima_media;inf;inf;inf;inf;inf;inf;inf;inf;inf;inf;inf;inf;inf;inf;inf;inf;inf;inf;inf;inf;inf;inf;inf;inf;inf;inf;inf;inf;inf;inf;inf;inf;inf;inf;inf;inf;inf;inf;inf;inf;inf;inf;inf;inf;inf;inf;inf;inf;inf;inf;inf;inf;inf;inf;inf;inf;inf;inf;inf;inf;
64;potencia_minima_media;0;0;0;0;0;0;0;0;0;0;0;0;0;0;0;0;0;0;0;0;0;0;0;0;0;0;0;0;0;0;0;0;0;0;0;0;0;0;0;0;0;0;0;0;0;0;0;0;0;0;0;0;0;0;0;0;0;0;0;0;
64;potencia_maxima_media;inf;inf;inf;inf;inf;inf;inf;inf;inf;inf;inf;inf;5482.097222222173;inf;inf;inf;inf;inf;inf;inf;inf;inf;inf;inf;inf;inf;inf;inf;inf;inf;inf;inf;inf;inf;inf;inf;inf;inf;inf;inf;inf;inf;inf;inf;inf;inf;inf;inf;inf;inf;inf;inf;inf;inf;inf;inf;inf;inf;inf;inf;
65;potencia_minima_media;0;0;0;0;0;0;0;0;0;0;0;0;0;0;0;0;0;0;0;0;0;0;0;0;0;0;0;0;0;0;0;0;0;0;0;0;0;0;0;0;0;0;0;0;0;0;0;0;0;0;0;0;0;0;0;0;0;0;0;0;
65;potencia_maxima_media;inf;inf;inf;inf;inf;inf;inf;inf;inf;inf;inf;inf;inf;6471.806159420420;6231.999999999988;5969.744047618884;6142.623655907761;5135.705128205322;5265.666666671881;5521.650000000001;5356.166666666684;5278.936111111057;8103.993333325197;5521.369047619090;6957.967741935488;7146.611111111109;7111.111111111097;7068.103448275851;7326.487200000000;5139.474800000000;5259.882500000000;5538.368399999999;5373.134300000000;5283.860400000000;8108.332400000000;5523.684499999999;6952.500200000000;7145.953000000000;7110.367400000000;7068.198800000000;7326.487200000000;5139.474800000000;5259.882500000000;5538.368399999999;5356.168400000000;5297.422500000001;8108.332400000000;5513.925400000000;6952.500200000000;7145.350000000000;7112.251100000000;7067.576800000001;7327.076500000000;5123.067700000000;5290.409200000000;5529.621200000000;5373.134300000000;5324.359900000000;8108.332400000000;5518.801200000000;
66;potencia_minima_media;0;0;0;0;0;0;0;0;0;0;0;0;0;15.100000000000;15.100000000000;15;4.999999999995;10;10.000000000010;10;15.100000000000;15.100000000000;15.099999999985;15.100000000000;10;15;5;10;15.100000000000;10;10;10;15.100000000000;15.100000000000;15.100000000000;15.100000000000;10;15;5;10;15.100000000000;10;10;10;15.100000000000;15.100000000000;15.100000000000;15.100000000000;10;15;5;10;15.100000000000;10;10;10;15.100000000000;15.100000000000;15.100000000000;15.100000000000;
66;potencia_maxima_media;inf;inf;inf;inf;inf;inf;inf;inf;inf;inf;inf;inf;inf;inf;inf;inf;inf;inf;inf;inf;inf;inf;inf;inf;inf;inf;inf;inf;inf;inf;inf;inf;inf;inf;inf;inf;inf;inf;inf;inf;inf;inf;inf;inf;inf;inf;inf;inf;inf;inf;inf;inf;inf;inf;inf;inf;inf;inf;inf;inf;
67;potencia_minima_media;0;0;0;0;0;0;0;0;0;0;0;0;0;20.100000000000;20.100000000000;19;18.999999999981;19;19.000000000019;19;19;19;18.999999999981;19;19;19;19;19;19;19;19;19;19;19;19;19;19;19;19;19;19;19;19;19;19;19;19;19;19;19;19;19;19;19;19;19;19;19;19;19;
67;potencia_maxima_media;inf;inf;inf;inf;inf;inf;inf;inf;inf;inf;inf;inf;inf;inf;inf;inf;inf;inf;inf;inf;inf;inf;inf;inf;inf;inf;inf;inf;inf;inf;inf;inf;inf;inf;inf;inf;inf;inf;inf;inf;inf;inf;inf;inf;inf;inf;inf;inf;inf;inf;inf;inf;inf;inf;inf;inf;inf;inf;inf;inf;
68;potencia_minima_media;0;0;0;0;0;0;0;0;0;0;0;0;0;0;0;0;0;0;0;0;0;0;0;0;0;0;0;0;0;0;0;0;0;0;0;0;0;0;0;0;0;0;0;0;0;0;0;0;0;0;0;0;0;0;0;0;0;0;0;0;
68;potencia_maxima_media;inf;inf;inf;inf;inf;inf;inf;inf;inf;inf;inf;inf;inf;inf;inf;0;0;0;0;0;0;0;0;0;0;0;0;0;0;0;0;0;0;0;0;0;0;0;0;0;0;0;0;0;0;0;0;0;0;0;0;0;0;0;0;0;0;0;0;0;
69;potencia_minima_media;0;0;0;0;0;0;0;0;0;0;0;0;0;0;0;0;0;0;0;50;50;50;49.999999999950;50;50;50;50;50;50;0;0;50;50;50;50;50;50;50;50;50;50;0;0;50;50;50;50;50.000000000000;50;50;50.000000000000;50;50;0;0;50;50;50;50;50;
69;potencia_maxima_media;inf;inf;inf;inf;inf;inf;inf;inf;inf;inf;inf;inf;inf;inf;inf;inf;inf;inf;inf;inf;inf;inf;inf;inf;inf;inf;inf;inf;inf;inf;inf;inf;inf;inf;inf;inf;inf;inf;inf;inf;inf;inf;inf;inf;inf;inf;inf;inf;inf;inf;inf;inf;inf;inf;inf;inf;inf;inf;inf;inf;
70;potencia_minima_media;0;0;0;0;0;0;0;0;0;0;0;0;0;0;0;0;0;0;0;0;0;0;0;40;40;40;0;0;0;0;0;0;0;0;0;40;40;40;0;0;0;0;0;0;0;0;0;40;40;40;0;0;0;0;0;0;0;0;0;40;
70;potencia_maxima_media;inf;inf;inf;inf;inf;inf;inf;inf;inf;inf;inf;inf;inf;inf;inf;inf;inf;inf;inf;inf;inf;inf;inf;inf;inf;inf;inf;inf;inf;inf;inf;inf;inf;inf;inf;inf;inf;inf;inf;inf;inf;inf;inf;inf;inf;inf;inf;inf;inf;inf;inf;inf;inf;inf;inf;inf;inf;inf;inf;inf;
71;potencia_minima_media;0;0;0;0;0;0;0;0;0;0;0;0;0;0;0;0;0;0;0;0;0;0;0;0;0;16;16;16;16;0;0;0;0;0;0;0;0;16;16;16;16;0;0;0;0;0;0;0;0;16;16;16;16;0;0;0;0;0;0;0;
71;potencia_maxima_media;inf;inf;inf;inf;inf;inf;inf;inf;inf;inf;inf;inf;inf;inf;inf;inf;inf;inf;inf;inf;inf;inf;inf;inf;inf;63.800000000000;63.800000000000;63.800000000000;63.800000000000;inf;inf;inf;inf;inf;inf;inf;inf;63.800000000000;63.800000000000;63.800000000000;63.800000000000;inf;inf;inf;inf;inf;inf;inf;inf;63.800000000000;63.800000000000;63.800000000000;63.800000000000;inf;inf;inf;inf;inf;inf;inf;
72;potencia_minima_media;0;0;0;0;0;0;0;0;0;0;0;0;0;0;0;0;0;0;0;0;0;0;0;0;0;0;40;40;40;0;0;0;0;0;0;0;0;0;40;40;40;0;0;0;0;0;0;0;0;0;40;40;40;0;0;0;0;0;0;0;
72;potencia_maxima_media;inf;inf;inf;inf;inf;inf;inf;inf;inf;inf;inf;inf;inf;inf;inf;inf;inf;inf;inf;inf;inf;inf;inf;inf;inf;inf;inf;inf;inf;inf;inf;inf;inf;inf;inf;inf;inf;inf;inf;inf;inf;inf;inf;inf;inf;inf;inf;inf;inf;inf;inf;inf;inf;inf;inf;inf;inf;inf;inf;inf;
