idHidreletrica;nome;codigo_usina;codigo_posto;submercado;bacia;considerar_usina;representacao_discreta_producao;jusante;jusante_desvio;tempo_viagem_agua;vertimento_maximo;penalidade_afluencia_incremental;penalidade_vertimento;penalidade_turbinamento;penalidade_desvio_agua;penalidade_turbinamento_minimo;penalidade_vazao_defluente_minima;penalidade_vazao_defluente_maxima;penalidade_vazao_desviada_minima;penalidade_volume_minimo;penalidade_potencia_minima;tipo_detalhamento_producao;penalidade_evaporacao;penalidade_volume_util_minimo;penalidade_vazao_retirada
1;CAMARGOS;1;1;1;1;1;0;2;Nenhum;0;1.00E+21;7651;0.001;0;7651;5000;7643.82;7643.82;5000;10000;5000;por_usina;10000;0;10000
2;ITUTINGA;2;2;1;1;1;0;3;Nenhum;0;1.00E+21;7651;0.001;0;7651;5000;7643.82;7643.82;5000;10000;5000;por_usina;10000;0;10000
3;FUNIL-GRANDE;4;211;1;1;1;0;4;Nenhum;0;1.00E+21;7651;0.001;0;7651;5000;7643.82;7643.82;5000;10000;5000;por_usina;10000;0;10000
4;FURNAS;6;6;1;1;1;0;5;Nenhum;0;1.00E+21;7651;0.001;0;7651;5000;7643.82;7643.82;5000;10000;5000;por_usina;10000;0;10000
5;M. DE MORAES;7;7;1;1;1;0;6;Nenhum;0;1.00E+21;7651;0.001;0;7651;5000;7643.82;7643.82;5000;10000;5000;por_usina;10000;0;10000
6;ESTREITO;8;8;1;1;1;0;7;Nenhum;0;1.00E+21;7651;0.001;0;7651;5000;7643.82;7643.82;5000;10000;5000;por_usina;10000;0;10000
7;JAGUARA;9;9;1;1;1;0;8;Nenhum;0;1.00E+21;7651;0.001;0;7651;5000;7643.82;7643.82;5000;10000;5000;por_usina;10000;0;10000
8;IGARAPAVA;10;10;1;1;1;0;9;Nenhum;0;1.00E+21;7651;0.001;0;7651;5000;7643.82;7643.82;5000;10000;5000;por_usina;10000;0;10000
9;VOLTA GRANDE;11;11;1;1;1;0;10;Nenhum;0;1.00E+21;7651;0.001;0;7651;5000;7643.82;7643.82;5000;10000;5000;por_usina;10000;0;10000
10;P. COLOMBIA;12;12;1;1;1;0;14;Nenhum;0;1.00E+21;7651;0.001;0;7651;5000;7643.82;7643.82;5000;10000;5000;por_usina;10000;0;10000
11;CACONDE;14;14;1;1;1;0;12;Nenhum;0;1.00E+21;7651;0.001;0;7651;5000;7643.82;7643.82;5000;10000;5000;por_usina;10000;0;10000
12;E. DA CUNHA;15;15;1;1;1;0;13;Nenhum;0;1.00E+21;7651;0.001;0;7651;5000;7643.82;7643.82;5000;10000;5000;por_usina;10000;0;10000
13;A.S.OLIVEIRA;16;16;1;1;1;0;14;Nenhum;0;1.00E+21;7651;0.001;0;7651;5000;7643.82;7643.82;5000;10000;5000;por_usina;10000;0;10000
14;MARIMBONDO;17;17;1;1;1;0;15;Nenhum;0;1.00E+21;7651;0.001;0;7651;5000;7643.82;7643.82;5000;10000;5000;por_usina;10000;0;10000
15;A. VERMELHA;18;18;1;1;1;0;28;Nenhum;0;1.00E+21;7651;0.001;0;7651;5000;7643.82;7643.82;5000;10000;5000;por_usina;10000;0;10000
16;BATALHA;20;22;1;2;1;0;17;Nenhum;0;1.00E+21;7651;0.001;0;7651;5000;7643.82;7643.82;5000;10000;5000;por_usina;10000;0;10000
17;SERRA FACAO;21;251;1;2;1;0;18;Nenhum;0;1.00E+21;7651;0.001;0;7651;5000;7643.82;7643.82;5000;10000;5000;por_usina;10000;0;10000
18;EMBORCACAO;24;24;1;2;1;0;25;Nenhum;0;1.00E+21;7651;0.001;0;7651;5000;7643.82;7643.82;5000;10000;5000;por_usina;10000;0;10000
19;NOVA PONTE;25;25;1;2;1;0;20;Nenhum;0;1.00E+21;7651;0.001;0;7651;5000;7643.82;7643.82;5000;10000;5000;por_usina;10000;0;10000
20;MIRANDA;26;206;1;2;1;0;21;Nenhum;0;1.00E+21;7651;0.001;0;7651;5000;7643.82;7643.82;5000;10000;5000;por_usina;10000;0;10000
21;CAPIM BRANC1;27;207;1;2;1;0;22;Nenhum;0;1.00E+21;7651;0.001;0;7651;5000;7643.82;7643.82;5000;10000;5000;por_usina;10000;0;10000
22;CAPIM BRANC2;28;28;1;2;1;0;25;Nenhum;0;1.00E+21;7651;0.001;0;7651;5000;7643.82;7643.82;5000;10000;5000;por_usina;10000;0;10000
23;CORUMBA IV;29;205;1;2;1;0;124;Nenhum;0;1.00E+21;7651;0.001;0;7651;5000;7643.82;7643.82;5000;10000;5000;por_usina;10000;0;10000
24;CORUMBA I;30;209;1;2;1;0;25;Nenhum;0;1.00E+21;7651;0.001;0;7651;5000;7643.82;7643.82;5000;10000;5000;por_usina;10000;0;10000
25;ITUMBIARA;31;31;1;2;1;0;26;Nenhum;0;1.00E+21;7651;0.001;0;7651;5000;7643.82;7643.82;5000;10000;5000;por_usina;10000;0;10000
26;CACH.DOURADA;32;32;1;2;1;0;27;Nenhum;0;1.00E+21;7651;0.001;0;7651;5000;7643.82;7643.82;5000;10000;5000;por_usina;10000;0;10000
27;SAO SIMAO;33;33;1;2;1;0;28;Nenhum;0;1.00E+21;7651;0.001;0;7651;5000;7643.82;7643.82;5000;10000;5000;por_usina;10000;0;10000
28;I. SOLTEIRA;34;34;1;8;1;0;35;Nenhum;0;1.00E+21;7651;0.001;0;7651;5000;7643.82;7643.82;5000;10000;5000;por_usina;10000;0;10000
29;BARRA BONITA;37;237;1;6;1;0;30;Nenhum;0;1.00E+21;7651;0.001;0;7651;5000;7643.82;7643.82;5000;10000;5000;por_usina;10000;0;10000
30;A.S. LIMA;38;238;1;6;1;0;31;Nenhum;0;1.00E+21;7651;0.001;0;7651;5000;7643.82;7643.82;5000;10000;5000;por_usina;10000;0;10000
31;IBITINGA;39;239;1;6;1;0;32;Nenhum;0;1.00E+21;7651;0.001;0;7651;5000;7643.82;7643.82;5000;10000;5000;por_usina;10000;0;10000
32;PROMISSAO;40;240;1;6;1;0;33;Nenhum;0;1.00E+21;7651;0.001;0;7651;5000;7643.82;7643.82;5000;10000;5000;por_usina;10000;0;10000
33;NAVANHANDAVA;42;242;1;6;1;0;34;Nenhum;0;1.00E+21;7651;0.001;0;7651;5000;7643.82;7643.82;5000;10000;5000;por_usina;10000;0;10000
34;TRES IRMAOS;43;243;1;6;1;0;35;28;0;1.00E+21;7651;0.001;0;7651;5000;7643.82;7643.82;5000;10000;5000;por_usina;10000;0;10000
35;JUPIA;45;245;1;8;1;0;36;Nenhum;0;1.00E+21;7651;0.001;0;7651;5000;7643.82;7643.82;5000;10000;5000;por_usina;10000;0;10000
36;P. PRIMAVERA;46;246;1;8;1;0;47;Nenhum;0;1.00E+21;7651;0.001;0;7651;5000;7643.82;7643.82;5000;10000;5000;por_usina;10000;0;10000
37;A.A. LAYDNER;47;47;1;7;1;0;38;Nenhum;0;1.00E+21;7651;0.001;0;7651;5000;7643.82;7643.82;5000;10000;5000;por_usina;10000;0;10000
38;PIRAJU;48;48;1;7;1;0;39;Nenhum;0;1.00E+21;7651;0.001;0;7651;5000;7643.82;7643.82;5000;10000;5000;por_usina;10000;0;10000
39;CHAVANTES;49;49;1;7;1;0;133;Nenhum;0;1.00E+21;7651;0.001;0;7651;5000;7643.82;7643.82;5000;10000;5000;por_usina;10000;0;10000
40;L.N. GARCEZ;50;50;1;7;1;0;41;Nenhum;0;1.00E+21;7651;0.001;0;7651;5000;7643.82;7643.82;5000;10000;5000;por_usina;10000;0;10000
41;CANOAS II;51;51;1;7;1;0;42;Nenhum;0;1.00E+21;7651;0.001;0;7651;5000;7643.82;7643.82;5000;10000;5000;por_usina;10000;0;10000
42;CANOAS I;52;52;1;7;1;0;44;Nenhum;0;1.00E+21;7651;0.001;0;7651;5000;7643.82;7643.82;5000;10000;5000;por_usina;10000;0;10000
43;MAUA;57;57;2;7;1;0;44;Nenhum;0;1.00E+21;7651;0.001;0;7651;5000;7643.82;7643.82;5000;10000;5000;por_usina;10000;0;10000
44;CAPIVARA;61;61;1;7;1;0;45;Nenhum;0;1.00E+21;7651;0.001;0;7651;5000;7643.82;7643.82;5000;10000;5000;por_usina;10000;0;10000
45;TAQUARUCU;62;62;1;7;1;0;46;Nenhum;0;1.00E+21;7651;0.001;0;7651;5000;7643.82;7643.82;5000;10000;5000;por_usina;10000;0;10000
46;ROSANA;63;63;1;7;1;0;47;Nenhum;0;1.00E+21;7651;0.001;0;7651;5000;7643.82;7643.82;5000;10000;5000;por_usina;10000;0;10000
47;ITAIPU;66;266;8;14;1;0;Nenhum;Nenhum;0;1.00E+21;7651;0.001;0;7651;5000;7643.82;7643.82;5000;10000;7643.82;por_usina;10000;0;10000
48;STA CLARA PR;71;71;2;16;1;0;49;Nenhum;0;1.00E+21;7651;0.001;0;7651;5000;7643.82;7643.82;5000;10000;5000;por_usina;10000;0;10000
49;FUNDAO;72;72;2;16;1;0;50;Nenhum;0;1.00E+21;7651;0.001;0;7651;5000;7643.82;7643.82;5000;10000;5000;por_usina;10000;0;10000
50;JORDAO;73;73;2;16;1;0;53;52;0;1.00E+21;7651;0.001;0;7651;5000;7643.82;7643.82;5000;10000;5000;sem_producao;10000;0;10000
51;G.B. MUNHOZ;74;74;2;16;1;0;52;Nenhum;0;1.00E+21;7651;0.001;0;7651;5000;7643.82;7643.82;5000;10000;5000;por_usina;10000;0;10000
52;SEGREDO;76;76;2;16;1;0;53;Nenhum;0;1.00E+21;7651;0.001;0;7651;5000;7643.82;7643.82;5000;10000;5000;por_usina;10000;0;10000
53;SLT.SANTIAGO;77;77;2;16;1;0;54;Nenhum;0;1.00E+21;7651;0.001;0;7651;5000;7643.82;7643.82;5000;10000;5000;por_usina;10000;0;10000
54;SALTO OSORIO;78;78;2;16;1;0;55;Nenhum;0;1.00E+21;7651;0.001;0;7651;5000;7643.82;7643.82;5000;10000;5000;por_usina;10000;0;10000
55;SALTO CAXIAS;82;222;2;16;1;0;56;Nenhum;0;1.00E+21;7651;0.001;0;7651;5000;7643.82;7643.82;5000;10000;5000;por_usina;10000;0;10000
56;BAIXO IGUACU;83;81;2;16;1;0;Nenhum;Nenhum;0;1.00E+21;7651;0.001;0;7651;5000;7643.82;7643.82;5000;10000;5000;por_usina;10000;0;10000
57;BARRA GRANDE;86;215;2;13;1;0;60;Nenhum;0;1.00E+21;7651;0.001;0;7651;5000;7643.82;7643.82;5000;10000;5000;por_usina;10000;0;10000
58;GARIBALDI;89;89;2;13;1;0;59;Nenhum;0;1.00E+21;7651;0.001;0;7651;5000;7643.82;7643.82;5000;10000;5000;por_usina;10000;0;10000
59;CAMPOS NOVOS;90;216;2;13;1;0;60;Nenhum;0;1.00E+21;7651;0.001;0;7651;5000;7643.82;7643.82;5000;10000;5000;por_usina;10000;0;10000
60;MACHADINHO;91;217;2;13;1;0;61;Nenhum;0;1.00E+21;7651;0.001;0;7651;5000;7643.82;7643.82;5000;10000;5000;por_usina;10000;0;10000
61;ITA;92;92;2;13;1;0;70;Nenhum;0;1.00E+21;7651;0.001;0;7651;5000;7643.82;7643.82;5000;10000;5000;por_usina;10000;0;10000
62;PASSO FUNDO;93;93;2;13;1;0;63;Nenhum;0;1.00E+21;7651;0.001;0;7651;5000;7643.82;7643.82;5000;10000;5000;por_usina;10000;0;10000
63;MONJOLINHO;94;220;2;13;1;0;70;Nenhum;0;1.00E+21;7651;0.001;0;7651;5000;7643.82;7643.82;5000;10000;5000;por_usina;10000;0;10000
64;QUEBRA QUEIX;95;286;2;13;1;0;Nenhum;Nenhum;0;1.00E+21;7651;0.001;0;7651;5000;7643.82;7643.82;5000;10000;5000;por_usina;10000;0;10000
65;CASTRO ALVES;97;98;2;15;1;0;66;Nenhum;0;1.00E+21;7651;0.001;0;7651;5000;7643.82;7643.82;5000;10000;5000;por_usina;10000;0;10000
66;MONTE CLARO;98;97;2;15;1;0;67;Nenhum;0;1.00E+21;7651;0.001;0;7651;5000;7643.82;7643.82;5000;10000;5000;por_usina;10000;0;10000
67;14 DE JULHO;99;284;2;15;1;0;Nenhum;Nenhum;0;1.00E+21;7651;0.001;0;7651;5000;7643.82;7643.82;5000;10000;5000;por_usina;10000;0;10000
68;SAO JOSE;101;102;2;13;1;0;69;Nenhum;0;1.00E+21;7651;0.001;0;7651;5000;7643.82;7643.82;5000;10000;5000;por_usina;10000;0;10000
69;PASSO S JOAO;102;103;2;13;1;0;Nenhum;Nenhum;0;1.00E+21;7651;0.001;0;7651;5000;7643.82;7643.82;5000;10000;5000;por_usina;10000;0;10000
70;FOZ CHAPECO;103;94;2;13;1;0;Nenhum;Nenhum;0;1.00E+21;7651;0.001;0;7651;5000;7643.82;7643.82;5000;10000;5000;por_usina;10000;0;10000
71;EDGARD SOUZA;107;161;1;6;1;0;29;72;0;1.00E+21;7651;0.001;0;7651;5000;5000;5000;5000;10000;5000;sem_producao;10000;0;10000
72;TRAICAO;108;104;1;6;1;0;71;73;0;1.00E+21;7651;0.001;0;7651;5000;5000;5000;5000;10000;5000;sem_producao;10000;0;10000
73;PEDREIRA;109;109;1;6;1;0;72;81;0;1.00E+21;7651;0.001;0;7651;5000;5000;5000;5000;10000;5000;sem_producao;10000;0;10000
74;ERNESTINA;110;110;2;15;1;0;75;Nenhum;0;1.00E+21;7651;0.001;0;7651;5000;7643.82;7643.82;5000;10000;5000;sem_producao;10000;0;10000
75;PASSO REAL;111;111;2;15;1;0;76;Nenhum;0;1.00E+21;7651;0.001;0;7651;5000;7643.82;7643.82;5000;10000;5000;por_usina;10000;0;10000
76;JACUI;112;112;2;15;1;0;77;Nenhum;0;1.00E+21;7651;0.001;0;7651;5000;7643.82;7643.82;5000;10000;5000;por_usina;10000;0;10000
77;ITAUBA;113;113;2;15;1;0;78;Nenhum;0;1.00E+21;7651;0.001;0;7651;5000;7643.82;7643.82;5000;10000;5000;por_usina;10000;0;10000
78;D. FRANCISCA;114;114;2;15;1;0;Nenhum;Nenhum;0;1.00E+21;7651;0.001;0;7651;5000;7643.82;7643.82;5000;10000;5000;por_usina;10000;0;10000
79;G.P. SOUZA;115;115;2;17;1;0;Nenhum;Nenhum;0;1.00E+21;7651;0.001;0;7651;5000;7643.82;7643.82;5000;10000;5000;por_usina;10000;0;10000
80;GUARAPIRANGA;117;117;1;6;1;0;72;Nenhum;0;1.00E+21;7651;0.001;0;7651;5000;7643.82;7643.82;5000;10000;5000;sem_producao;10000;0;10000
81;BILLINGS;118;301;1;6;1;0;73;82;0;1.00E+21;7651;0.001;0;7651;5000;7643.82;7643.82;5000;10000;5000;sem_producao;10000;0;10000
82;HENRY BORDEN;119;300;1;6;1;0;Nenhum;Nenhum;0;1.00E+21;7651;0.001;0;7651;5000;7643.82;7643.82;5000;10000;5000;por_usina;10000;0;10000
83;JAGUARI;120;120;1;9;1;0;86;Nenhum;0;1.00E+21;7651;0.001;0;7651;5000;7643.82;7643.82;5000;10000;5000;por_usina;10000;0;10000
84;PARAIBUNA;121;121;1;9;1;0;85;Nenhum;0;1.00E+21;7651;0.001;0;7651;5000;7643.82;7643.82;5000;10000;5000;por_usina;10000;0;10000
85;SANTA BRANCA;122;122;1;9;1;0;86;Nenhum;0;1.00E+21;7651;0.001;0;7651;5000;7643.82;7643.82;5000;10000;5000;por_usina;10000;0;10000
86;FUNIL;123;123;1;9;1;0;88;Nenhum;0;1.00E+21;7651;0.001;0;7651;5000;7643.82;7643.82;5000;10000;5000;por_usina;10000;0;10000
87;LAJES;124;202;1;9;1;0;116;117;0;1.00E+21;7651;0.001;0;7651;5000;7643.82;7643.82;5000;10000;5000;sem_producao;10000;0;10000
88;STA CECILIA;125;125;1;9;1;0;91;114;0;1.00E+21;7651;0.001;0;7651;5000;5000;5000;5000;10000;5000;sem_producao;10000;0;10000
89;PICADA;126;197;1;9;1;0;90;Nenhum;0;1.00E+21;7651;0.001;0;7651;5000;7643.82;7643.82;5000;10000;5000;por_usina;10000;0;10000
90;SOBRAGI;127;198;1;9;1;0;91;Nenhum;0;1.00E+21;7651;0.001;0;7651;5000;7643.82;7643.82;5000;10000;5000;por_usina;10000;0;10000
91;SIMPLICIO;129;129;1;9;1;0;92;Nenhum;0;1.00E+21;7651;0.001;0;7651;5000;7643.82;7643.82;5000;10000;5000;por_usina;10000;0;10000
92;ILHA POMBOS;130;130;1;9;1;0;Nenhum;Nenhum;0;1.00E+21;7651;0.001;0;7651;5000;7643.82;7643.82;5000;10000;5000;por_usina;10000;0;10000
93;NILO PECANHA;131;300;1;9;1;0;94;Nenhum;0;1.00E+21;7651;0.001;0;7651;5000;7643.82;7643.82;5000;10000;5000;por_usina;10000;0;10000
94;P. PASSOS;133;300;1;9;1;0;Nenhum;Nenhum;0;1.00E+21;7651;0.001;0;7651;5000;7643.82;7643.82;5000;10000;5000;por_usina;10000;0;10000
95;SALTO GRANDE;134;134;1;4;1;0;96;Nenhum;0;1.00E+21;7651;0.001;0;7651;5000;7643.82;7643.82;5000;10000;5000;por_usina;10000;0;10000
96;P. ESTRELA;135;263;1;4;1;0;98;Nenhum;0;1.00E+21;7651;0.001;0;7651;5000;7643.82;7643.82;5000;10000;5000;por_usina;10000;0;10000
97;CANDONGA;139;149;1;4;1;0;98;Nenhum;0;1.00E+21;7651;0.001;0;7651;5000;7643.82;7643.82;5000;10000;5000;por_usina;10000;0;10000
98;BAGUARI;141;141;1;4;1;0;99;Nenhum;0;1.00E+21;7651;0.001;0;7651;5000;7643.82;7643.82;5000;10000;5000;por_usina;10000;0;10000
99;AIMORES;143;148;1;4;1;0;100;Nenhum;0;1.00E+21;7651;0.001;0;7651;5000;7643.82;7643.82;5000;10000;5000;por_usina;10000;0;10000
100;MASCARENHAS;144;144;1;4;1;0;Nenhum;Nenhum;0;1.00E+21;7651;0.001;0;7651;5000;7643.82;7643.82;5000;10000;5000;por_usina;10000;0;10000
101;IRAPE;148;255;1;5;1;0;103;Nenhum;0;1.00E+21;7651;0.001;0;7651;5000;7643.82;7643.82;5000;10000;5000;por_usina;10000;0;10000
102;SAO DOMINGOS;153;154;1;8;1;0;36;Nenhum;0;1.00E+21;7651;0.001;0;7651;5000;7643.82;7643.82;5000;10000;5000;por_usina;10000;0;10000
103;ITAPEBI;154;188;3;5;1;0;Nenhum;Nenhum;0;1.00E+21;7651;0.001;0;7651;5000;7643.82;7643.82;5000;10000;5000;por_usina;10000;0;10000
104;RETIRO BAIXO;155;155;1;3;1;0;105;Nenhum;0;1.00E+21;7651;0.001;0;7651;5000;7643.82;7643.82;5000;10000;5000;por_usina;10000;0;10000
105;TRES MARIAS;156;156;1;3;1;0;107;Nenhum;0;1.00E+21;7651;0.001;0;7651;5000;7643.82;7643.82;5000;10000;5000;por_usina;10000;0;10000
106;QUEIMADO;162;158;1;3;1;0;107;Nenhum;0;1.00E+21;7651;0.001;0;7651;5000;7643.82;7643.82;5000;10000;5000;por_usina;10000;0;10000
107;SOBRADINHO;169;169;3;3;1;0;108;Nenhum;0;1.00E+21;7651;0.001;0;7651;5000;7643.82;7643.82;5000;10000;5000;por_usina;10000;0;10000
108;ITAPARICA;172;300;3;3;1;0;109;Nenhum;0;1.00E+21;7651;0.001;0;7651;5000;7643.82;7643.82;5000;10000;5000;por_usina;10000;0;10000
109;MOXOTO;173;300;3;3;1;0;110;111;0;1.00E+21;7651;0.001;0;7651;5000;5000;5000;5000;10000;5000;por_usina;10000;0;10000
110;P.AFONSO 123;174;300;3;3;1;0;112;Nenhum;0;1.00E+21;7651;0.001;0;7651;5000;5000;5000;5000;10000;5000;por_usina;10000;0;10000
111;P.AFONSO 4;175;300;3;3;1;0;112;Nenhum;0;1.00E+21;7651;0.001;0;7651;5000;5000;5000;5000;10000;5000;por_usina;10000;0;10000
112;XINGO;178;300;3;3;1;0;Nenhum;Nenhum;0;1.00E+21;7651;0.001;0;7651;5000;7643.82;7643.82;5000;10000;5000;por_usina;10000;0;10000
113;TOCOS;180;201;1;9;1;0;114;87;0;1.00E+21;7651;0.001;0;7651;5000;5000;5000;5000;10000;5000;sem_producao;10000;0;10000
114;SANTANA;181;203;1;9;1;0;91;115;0;1.00E+21;7651;0.001;0;7651;5000;5000;5000;5000;10000;5000;sem_producao;10000;0;10000
115;VIGARIO;182;300;1;9;1;0;93;117;0;1.00E+21;7651;0.001;0;7651;5000;5000;5000;5000;10000;5000;sem_producao;10000;0;10000
116;FONTES A;183;300;1;9;1;0;94;Nenhum;0;1.00E+21;7651;0.001;0;7651;5000;5000;5000;5000;10000;5000;por_usina;10000;0;10000
117;FONTES BC;184;300;1;9;1;0;94;Nenhum;0;1.00E+21;7651;0.001;0;7651;5000;5000;5000;5000;10000;5000;por_usina;10000;0;10000
118;P. CAVALO;189;254;3;5;1;0;Nenhum;Nenhum;0;1.00E+21;7651;0.001;0;7651;5000;7643.82;7643.82;5000;10000;5000;por_usina;10000;0;10000
119;B. ESPERANCA;190;190;3;19;1;0;Nenhum;Nenhum;0;1.00E+21;7651;0.001;0;7651;5000;7643.82;7643.82;5000;10000;5000;por_usina;10000;0;10000
120;GUILMAN-AMOR;192;262;1;4;1;0;121;Nenhum;0;1.00E+21;7651;0.001;0;7651;5000;7643.82;7643.82;5000;10000;5000;por_usina;10000;0;10000
121;SA CARVALHO;193;183;1;4;1;0;98;Nenhum;0;1.00E+21;7651;0.001;0;7651;5000;7643.82;7643.82;5000;10000;5000;por_usina;10000;0;10000
122;JAURU;195;295;1;11;1;0;Nenhum;Nenhum;0;1.00E+21;7651;0.001;0;7651;5000;7643.82;7643.82;5000;10000;5000;por_usina;10000;0;10000
123;GUAPORE;196;296;1;12;1;0;151;Nenhum;0;1.00E+21;7651;0.001;0;7651;5000;7643.82;7643.82;5000;10000;5000;por_usina;10000;0;10000
124;CORUMBA III;203;23;1;2;1;0;24;Nenhum;0;1.00E+21;7651;0.001;0;7651;5000;7643.82;7643.82;5000;10000;5000;por_usina;10000;0;10000
125;CACH.CALDEIR;204;204;4;20;1;0;147;Nenhum;0;1.00E+21;7651;0.001;0;7651;5000;7643.82;7643.82;5000;10000;5000;por_usina;10000;0;10000
126;SALTO PILAO;215;101;2;17;1;0;Nenhum;Nenhum;0;1.00E+21;7651;0.001;0;7651;5000;7643.82;7643.82;5000;10000;5000;por_usina;10000;0;10000
127;ROSAL;217;196;1;4;1;0;Nenhum;Nenhum;0;1.00E+21;7651;0.001;0;7651;5000;7643.82;7643.82;5000;10000;5000;por_usina;10000;0;10000
128;SINOP;227;227;1;18;1;0;129;Nenhum;0;1.00E+21;7651;0.001;0;7651;5000;7643.82;7643.82;5000;10000;5000;por_usina;10000;0;10000
129;COLIDER;228;228;1;18;1;0;130;Nenhum;0;1.00E+21;7651;0.001;0;7651;5000;7643.82;7643.82;5000;10000;5000;por_usina;10000;0;10000
130;TELES PIRES;229;229;1;18;1;0;131;Nenhum;0;1.00E+21;7651;0.001;0;7651;5000;7643.82;7643.82;5000;10000;5000;por_usina;10000;0;10000
131;SAO MANOEL;230;230;1;18;1;0;Nenhum;Nenhum;0;1.00E+21;7651;0.001;0;7651;5000;7643.82;7643.82;5000;10000;5000;por_usina;10000;0;10000
132;SLT VERDINHO;241;241;1;2;1;0;28;Nenhum;0;1.00E+21;7651;0.001;0;7651;5000;7643.82;7643.82;5000;10000;5000;por_usina;10000;0;10000
133;OURINHOS;249;249;1;7;1;0;40;Nenhum;0;1.00E+21;7651;0.001;0;7651;5000;7643.82;7643.82;5000;10000;5000;por_usina;10000;0;10000
134;SERRA MESA;251;270;1;10;1;0;135;Nenhum;0;1.00E+21;7651;0.001;0;7651;5000;7643.82;7643.82;5000;10000;5000;por_usina;10000;0;10000
135;CANA BRAVA;252;191;1;10;1;0;136;Nenhum;0;1.00E+21;7651;0.001;0;7651;5000;7643.82;7643.82;5000;10000;5000;por_usina;10000;0;10000
136;SAO SALVADOR;253;253;1;10;1;0;137;Nenhum;0;1.00E+21;7651;0.001;0;7651;5000;7643.82;7643.82;5000;10000;5000;por_usina;10000;0;10000
137;PEIXE ANGIC;257;257;1;10;1;0;138;Nenhum;0;1.00E+21;7651;0.001;0;7651;5000;7643.82;7643.82;5000;10000;5000;por_usina;10000;0;10000
138;LAJEADO;261;273;1;10;1;0;140;Nenhum;0;1.00E+21;7651;0.001;0;7651;5000;7643.82;7643.82;5000;10000;5000;por_usina;10000;0;10000
139;SALTO;262;294;1;2;1;0;132;Nenhum;0;1.00E+21;7651;0.001;0;7651;5000;7643.82;7643.82;5000;10000;5000;por_usina;10000;0;10000
140;ESTREITO TOC;267;271;4;10;1;0;142;Nenhum;0;1.00E+21;7651;0.001;0;7651;5000;7643.82;7643.82;5000;10000;7643.82;por_usina;10000;0;10000
141;CURUA-UNA;272;277;4;20;1;0;Nenhum;Nenhum;0;1.00E+21;7651;0.001;0;7651;5000;7643.82;7643.82;5000;10000;5000;por_usina;10000;0;10000
142;TUCURUI;275;275;4;10;1;0;Nenhum;Nenhum;0;1.00E+21;7651;0.001;0;7651;5000;7643.82;7643.82;5000;10000;7643.82;por_usina;10000;0;10000
143;RONDON II;276;145;1;20;1;0;Nenhum;Nenhum;0;1.00E+21;7651;0.001;0;7651;5000;7643.82;7643.82;5000;10000;5000;por_usina;10000;0;10000
144;BALBINA;277;269;4;20;1;0;Nenhum;Nenhum;0;1.00E+21;7651;0.001;0;7651;5000;7643.82;7643.82;5000;10000;5000;por_usina;10000;0;10000
145;MANSO;278;278;1;11;1;0;Nenhum;Nenhum;0;1.00E+21;7651;0.001;0;7651;5000;7643.82;7643.82;5000;10000;5000;por_usina;10000;0;10000
146;SAMUEL;279;279;1;20;1;0;Nenhum;Nenhum;0;1.00E+21;7651;0.001;0;7651;5000;7643.82;7643.82;5000;10000;5000;por_usina;10000;0;10000
147;COARACY NUNE;280;280;4;20;1;0;150;Nenhum;0;1.00E+21;7651;0.001;0;7651;5000;7643.82;7643.82;5000;10000;5000;por_usina;10000;0;10000
148;PONTE PEDRA;281;281;1;11;1;0;Nenhum;Nenhum;0;1.00E+21;7651;0.001;0;7651;5000;7643.82;7643.82;5000;10000;5000;por_usina;10000;0;10000
149;STA CLARA MG;283;283;1;5;1;0;Nenhum;Nenhum;0;1.00E+21;7651;0.001;0;7651;5000;7643.82;7643.82;5000;10000;5000;por_usina;10000;0;10000
150;FERREIRA GOM;284;297;4;20;1;0;Nenhum;Nenhum;0;1.00E+21;7651;0.001;0;7651;5000;7643.82;7643.82;5000;10000;5000;por_usina;10000;0;10000
151;JIRAU;285;285;1;12;1;0;153;Nenhum;0;1.00E+21;7651;0.001;0;7651;5000;7643.82;7643.82;5000;10000;5000;por_usina;10000;0;10000
152;STO ANT JARI;286;290;4;20;1;0;Nenhum;Nenhum;0;1.00E+21;7651;0.001;0;7651;5000;7643.82;7643.82;5000;10000;5000;por_usina;10000;0;10000
153;STO ANTONIO;287;287;1;12;1;0;Nenhum;Nenhum;0;1.00E+21;7651;0.001;0;7651;5000;7643.82;7643.82;5000;10000;5000;por_usina;10000;0;10000
154;BELO MONTE;288;300;4;21;1;0;Nenhum;Nenhum;0;0;7651;0.001;0;7651;5000;7643.82;7643.82;5000;10000;5000;por_usina;10000;0;10000
155;ESPORA;290;99;1;2;1;0;28;Nenhum;0;1.00E+21;7651;0.001;0;7651;5000;7643.82;7643.82;5000;10000;5000;por_usina;10000;0;10000
156;ITIQUIRA I;304;259;1;11;1;0;157;Nenhum;0;1.00E+21;7651;0.001;0;7651;5000;7643.82;7643.82;5000;10000;5000;por_usina;10000;0;10000
157;ITIQUIRA II;305;300;1;11;1;0;Nenhum;Nenhum;0;1.00E+21;7651;0.001;0;7651;5000;7643.82;7643.82;5000;10000;5000;por_usina;10000;0;10000
158;DARDANELOS;310;291;1;20;1;0;Nenhum;Nenhum;0;1.00E+21;7651;0.001;0;7651;5000;7643.82;7643.82;5000;10000;5000;por_usina;10000;0;10000
159;CACU;311;247;1;2;1;0;160;Nenhum;0;1.00E+21;7651;0.001;0;7651;5000;7643.82;7643.82;5000;10000;5000;por_usina;10000;0;10000
160;B. COQUEIROS;312;248;1;2;1;0;162;Nenhum;0;1.00E+21;7651;0.001;0;7651;5000;7643.82;7643.82;5000;10000;5000;por_usina;10000;0;10000
161;PIMENTAL;314;288;4;21;1;0;Nenhum;154;0;1.00E+21;7651;0.001;0;7651;5000;7643.82;7643.82;5000;10000;5000;por_usina;10000;0;10000
162;FOZ R. CLARO;315;261;1;2;1;0;28;Nenhum;0;1.00E+21;7651;0.001;0;7651;5000;7643.82;7643.82;5000;10000;5000;por_usina;10000;0;10000
